subject_id,group_id,question_id,s1_value,s1_confidence,s3_value,s3_confidence,n_number_en_s1,n_fermi_whitelist,n_interventions,n_words
3816,547,1,50.0,3.0,120.0,4.0,1.0,4.0,4.0,30.0
3816,547,2,85.0,4.0,85.0,4.0,,,,
3816,547,3,100.0,3.0,200.0,4.0,,,,
3816,547,4,6000.0,4.0,7200.0,4.0,1.0,0.0,6.0,11.0
3816,547,5,20.0,1.0,25.0,3.0,2.0,0.0,5.0,30.0
3816,547,6,10.0,3.0,6.0,4.0,1.0,1.0,5.0,12.0
3816,547,7,215.0,4.0,215.0,4.0,,,,
3816,547,8,80.0,4.0,80.0,4.0,,,,
3818,547,1,95.0,2.0,110.0,3.0,1.0,5.0,7.0,40.0
3818,547,2,45.0,3.0,45.0,2.0,,,,
3818,547,3,330.0,3.0,330.0,3.0,,,,
3818,547,4,7000.0,4.0,7000.0,4.0,1.0,1.0,6.0,22.0
3818,547,5,25.0,3.0,25.0,4.0,3.0,1.0,7.0,42.0
3818,547,6,1.0,3.0,2.0,4.0,1.0,1.0,8.0,54.0
3818,547,7,90.0,1.0,90.0,2.0,,,,
3818,547,8,40.0,2.0,40.0,2.0,,,,
3819,547,1,60.0,1.0,120.0,4.0,2.0,5.0,12.0,58.0
3819,547,2,100.0,2.0,100.0,3.0,,,,
3819,547,3,500.0,2.0,500.0,3.0,,,,
3819,547,4,8000.0,3.0,7200.0,4.0,4.0,1.0,12.0,55.0
3819,547,5,30.0,1.0,18.0,3.0,2.0,0.0,14.0,101.0
3819,547,6,20.0,2.0,3.0,3.0,1.0,6.0,16.0,78.0
3819,547,7,1200.0,2.0,1200.0,3.0,,,,
3819,547,8,98.0,2.0,120.0,3.0,,,,
3821,547,1,5.0,1.0,100.0,3.0,1.0,2.0,7.0,24.0
3821,547,2,100.0,2.0,1000.0,1.0,,,,
3821,547,3,300.0,2.0,400.0,3.0,,,,
3821,547,4,10000.0,1.0,10000.0,2.0,1.0,2.0,9.0,29.0
3821,547,5,3.0,3.0,15.0,3.0,2.0,0.0,15.0,42.0
3821,547,6,4.0,3.0,1.0,3.0,1.0,1.0,14.0,56.0
3821,547,7,32.0,1.0,32.0,2.0,,,,
3821,547,8,12.0,1.0,4.0,2.0,,,,
3823,548,1,110.0,2.0,80.0,2.0,,,,
3823,548,2,900.0,2.0,900.0,2.0,,,,
3823,548,3,450.0,2.0,400.0,3.0,2.0,2.0,7.0,30.0
3823,548,4,13.0,3.0,10.0,4.0,0.0,6.0,6.0,37.0
3823,548,5,12.0,1.0,12.0,1.0,,,,
3823,548,6,5.0,3.0,5.0,3.0,3.0,3.0,6.0,45.0
3823,548,7,400.0,2.0,400.0,2.0,,,,
3823,548,8,60.0,2.0,60.0,3.0,1.0,1.0,4.0,18.0
3824,548,1,60.0,2.0,60.0,2.0,,,,
3824,548,2,400.0,3.0,400.0,3.0,,,,
3824,548,3,400.0,4.0,400.0,4.0,2.0,0.0,6.0,38.0
3824,548,4,10000.0,3.0,10000.0,4.0,0.0,7.0,10.0,94.0
3824,548,5,10.0,2.0,10.0,1.0,,,,
3824,548,6,7.0,4.0,7.0,4.0,3.0,1.0,7.0,46.0
3824,548,7,240.0,4.0,240.0,4.0,,,,
3824,548,8,35.0,2.0,50.0,4.0,4.0,2.0,16.0,63.0
3828,548,1,150.0,1.0,150.0,1.0,,,,
3828,548,2,150.0,1.0,150.0,1.0,,,,
3828,548,3,430.0,2.0,400.0,3.0,2.0,4.0,9.0,34.0
3828,548,4,10000.0,3.0,12000.0,4.0,0.0,5.0,13.0,76.0
3828,548,5,10.0,1.0,10.0,1.0,,,,
3828,548,6,10.0,2.0,5.0,3.0,4.0,6.0,10.0,60.0
3828,548,7,100.0,1.0,100.0,1.0,,,,
3828,548,8,20.0,3.0,50.0,3.0,1.0,0.0,9.0,30.0
3832,548,1,90.0,1.0,90.0,1.0,,,,
3832,548,2,100.0,2.0,130.0,2.0,,,,
3832,548,3,200.0,2.0,400.0,2.0,1.0,0.0,6.0,28.0
3832,548,4,10000.0,3.0,10000.0,4.0,0.0,2.0,2.0,13.0
3832,548,5,4.0,2.0,50.0,2.0,,,,
3832,548,6,4.0,2.0,5.0,3.0,2.0,0.0,6.0,25.0
3832,548,7,170.0,2.0,195.0,2.0,,,,
3832,548,8,20.0,3.0,50.0,3.0,1.0,0.0,5.0,25.0
3826,549,1,20.0,1.0,60.0,2.0,0.0,0.0,2.0,6.0
3826,549,2,,,160.0,3.0,0.0,4.0,11.0,44.0
3826,549,3,,,1000.0,2.0,,,,
3826,549,4,10000.0,1.0,7000.0,3.0,2.0,1.0,4.0,25.0
3826,549,5,5.0,1.0,10.0,1.0,,,,
3826,549,6,26.0,2.0,20.0,2.0,,,,
3826,549,7,1000.0,1.0,200.0,3.0,1.0,1.0,9.0,61.0
3826,549,8,55.0,3.0,50.0,3.0,,,,
3830,549,1,40.0,2.0,,,2.0,3.0,12.0,90.0
3830,549,2,300.0,1.0,,,0.0,3.0,22.0,119.0
3830,549,3,500.0,2.0,,,,,,
3830,549,4,3000.0,2.0,,,2.0,0.0,15.0,92.0
3830,549,5,12.0,2.0,,,,,,
3830,549,6,25.0,2.0,,,,,,
3830,549,7,200.0,2.0,,,1.0,3.0,10.0,59.0
3830,549,8,65.0,2.0,,,,,,
3831,549,1,120.0,3.0,120.0,3.0,1.0,0.0,9.0,37.0
3831,549,2,167.0,2.0,160.0,3.0,1.0,0.0,8.0,27.0
3831,549,3,3100000.0,3.0,3150000.0,3.0,,,,
3831,549,4,7000.0,2.0,7000.0,4.0,4.0,2.0,11.0,42.0
3831,549,5,10.0,2.0,10.0,1.0,,,,
3831,549,6,8.0,2.0,4.0,2.0,,,,
3831,549,7,200.0,3.0,240.0,1.0,1.0,1.0,8.0,56.0
3831,549,8,45.0,2.0,55.0,2.0,,,,
3833,549,1,,,62.0,3.0,0.0,1.0,11.0,31.0
3833,549,2,,,160.0,4.0,0.0,1.0,6.0,18.0
3833,549,3,,,250.0,2.0,,,,
3833,549,4,15000.0,3.0,7370.0,3.0,3.0,1.0,17.0,63.0
3833,549,5,22.0,3.0,22.0,3.0,,,,
3833,549,6,,,25.0,3.0,,,,
3833,549,7,245.0,3.0,245.0,3.0,1.0,3.0,14.0,57.0
3833,549,8,,,57.0,2.0,,,,
3863,553,1,60.0,2.0,60.0,2.0,,,,
3863,553,2,324.0,1.0,200.0,2.0,2.0,0.0,7.0,39.0
3863,553,3,185.0,2.0,185.0,2.0,0.0,0.0,0.0,0.0
3863,553,4,15000.0,2.0,10000.0,3.0,0.0,0.0,4.0,17.0
3863,553,5,28.0,2.0,33.0,4.0,1.0,1.0,4.0,22.0
3863,553,6,5.0,3.0,5.0,3.0,,,,
3863,553,7,200.0,2.0,200.0,2.0,,,,
3863,553,8,6.0,1.0,20.0,3.0,,,,
3864,553,1,70.0,2.0,70.0,2.0,,,,
3864,553,2,300.0,1.0,200.0,3.0,0.0,0.0,7.0,28.0
3864,553,3,436.0,4.0,436.0,5.0,1.0,3.0,8.0,39.0
3864,553,4,60000.0,3.0,10000.0,2.0,0.0,1.0,6.0,27.0
3864,553,5,31.0,3.0,33.0,5.0,1.0,8.0,13.0,44.0
3864,553,6,4.0,1.0,5.0,3.0,,,,
3864,553,7,180.0,3.0,180.0,3.0,,,,
3864,553,8,,,38.0,3.0,,,,
3866,553,1,32.0,2.0,46.0,2.0,,,,
3866,553,2,174.0,2.0,203.0,2.0,2.0,2.0,13.0,42.0
3866,553,3,352000000.0,2.0,423.0,2.0,1.0,0.0,10.0,26.0
3866,553,4,7000.0,2.0,8500.0,2.0,1.0,0.0,12.0,43.0
3866,553,5,32.0,3.0,33.0,3.0,2.0,3.0,15.0,33.0
3866,553,6,22.0,4.0,22.0,3.0,,,,
3866,553,7,153.0,2.0,153.0,3.0,,,,
3866,553,8,46.0,2.0,126.0,2.0,,,,
3867,553,1,25.0,2.0,25.0,2.0,,,,
3867,553,2,70.0,1.0,70.0,3.0,0.0,4.0,9.0,38.0
3867,553,3,150.0,3.0,430.0,3.0,2.0,1.0,7.0,24.0
3867,553,4,50000.0,1.0,10000.0,3.0,0.0,2.0,5.0,17.0
3867,553,5,6.0,3.0,33.0,3.0,0.0,0.0,6.0,17.0
3867,553,6,2.0,3.0,2.0,3.0,,,,
3867,553,7,150.0,2.0,100.0,2.0,,,,
3867,553,8,15.0,2.0,15.0,3.0,,,,
3902,557,1,120.0,1.0,120.0,1.0,,,,
3902,557,2,45.0,2.0,200.0,3.0,1.0,0.0,6.0,19.0
3902,557,3,450.0,3.0,450.0,3.0,2.0,0.0,6.0,20.0
3902,557,4,4000.0,1.0,4000.0,1.0,,,,
3902,557,5,36.0,1.0,36.0,1.0,,,,
3902,557,6,9.0,2.0,14.0,3.0,1.0,0.0,5.0,29.0
3902,557,7,200.0,2.0,200.0,3.0,2.0,0.0,5.0,26.0
3902,557,8,9.0,2.0,30.0,3.0,,,,
3905,557,1,200.0,1.0,300.0,2.0,,,,
3905,557,2,1000.0,2.0,250.0,3.0,2.0,0.0,10.0,25.0
3905,557,3,400.0,3.0,400.0,4.0,2.0,0.0,7.0,19.0
3905,557,4,80000.0,2.0,80000.0,2.0,,,,
3905,557,5,15.0,1.0,15.0,3.0,,,,
3905,557,6,100.0,2.0,20.0,4.0,1.0,2.0,10.0,34.0
3905,557,7,560.0,2.0,250.0,3.0,1.0,0.0,9.0,27.0
3905,557,8,60.0,3.0,60.0,3.0,,,,
3908,557,1,80.0,1.0,80.0,1.0,,,,
3908,557,2,250.0,1.0,200.0,2.0,1.0,2.0,4.0,27.0
3908,557,3,500000000.0,3.0,450000000.0,3.0,1.0,1.0,6.0,16.0
3908,557,4,20000.0,1.0,20000.0,1.0,,,,
3908,557,5,30.0,1.0,30.0,1.0,,,,
3908,557,6,10.0,2.0,15.0,3.0,1.0,1.0,4.0,9.0
3908,557,7,150.0,1.0,250.0,2.0,2.0,1.0,7.0,17.0
3908,557,8,80.0,1.0,80.0,1.0,,,,
3911,557,1,96.0,3.0,96.0,3.0,,,,
3911,557,2,180.0,4.0,200.0,4.0,2.0,0.0,11.0,54.0
3911,557,3,130000000.0,3.0,400000000.0,4.0,0.0,0.0,5.0,11.0
3911,557,4,9700.0,4.0,9700.0,4.0,,,,
3911,557,5,20.0,4.0,20.0,3.0,,,,
3911,557,6,20.0,3.0,12.0,4.0,1.0,1.0,6.0,27.0
3911,557,7,260.0,3.0,250.0,3.0,1.0,0.0,7.0,27.0
3911,557,8,15.0,3.0,15.0,3.0,,,,
3903,558,1,54.0,3.0,54.0,4.0,,,,
3903,558,2,112.0,3.0,112.0,2.0,,,,
3903,558,3,560.0,3.0,560.0,3.0,,,,
3903,558,4,8000.0,2.0,8000.0,4.0,1.0,0.0,2.0,12.0
3903,558,5,46.0,3.0,40.0,3.0,0.0,0.0,5.0,67.0
3903,558,6,12.0,3.0,12.0,4.0,2.0,3.0,2.0,18.0
3903,558,7,142.0,4.0,142.0,4.0,,,,
3903,558,8,79.0,3.0,75.0,4.0,1.0,0.0,7.0,39.0
3906,558,1,35.0,1.0,40.0,3.0,,,,
3906,558,2,200.0,2.0,200.0,1.0,,,,
3906,558,3,700.0,2.0,700.0,3.0,,,,
3906,558,4,5000.0,3.0,7600.0,3.0,1.0,0.0,5.0,9.0
3906,558,5,25.0,2.0,40.0,4.0,1.0,0.0,4.0,22.0
3906,558,6,20.0,3.0,12.0,4.0,1.0,0.0,2.0,7.0
3906,558,7,110.0,3.0,100.0,3.0,,,,
3906,558,8,31.0,3.0,40.0,3.0,0.0,0.0,2.0,10.0
3909,558,1,,,10.0,3.0,,,,
3909,558,2,200.0,4.0,200.0,3.0,,,,
3909,558,3,,,400.0,3.0,,,,
3909,558,4,1000.0,4.0,8000.0,3.0,0.0,0.0,4.0,13.0
3909,558,5,10.0,3.0,45.0,3.0,1.0,1.0,5.0,24.0
3909,558,6,15.0,4.0,15.0,4.0,2.0,0.0,2.0,4.0
3909,558,7,50.0,3.0,50.0,3.0,,,,
3909,558,8,13.0,4.0,80.0,3.0,0.0,0.0,5.0,16.0
3910,558,1,220.0,3.0,220.0,3.0,,,,
3910,558,2,437.0,2.0,437.0,3.0,,,,
3910,558,3,800000000.0,3.0,800000000.0,3.0,,,,
3910,558,4,7100.0,2.0,8400.0,3.0,2.0,0.0,5.0,30.0
3910,558,5,25.0,2.0,42.0,3.0,1.0,0.0,8.0,36.0
3910,558,6,15.0,2.0,15.0,3.0,3.0,0.0,5.0,21.0
3910,558,7,158.0,2.0,160.0,3.0,,,,
3910,558,8,45.0,2.0,50.0,3.0,1.0,0.0,8.0,27.0
3914,559,1,69.0,2.0,81.0,2.0,,,,
3914,559,2,87.0,2.0,92.0,2.0,,,,
3914,559,3,650.0,3.0,730.0,3.0,,,,
3914,559,4,14.0,2.0,7700.0,2.0,0.0,0.0,3.0,8.0
3914,559,5,28.0,2.0,31.0,2.0,2.0,4.0,4.0,30.0
3914,559,6,4.0,2.0,6.0,3.0,0.0,1.0,4.0,26.0
3914,559,7,100.0,2.0,120.0,2.0,,,,
3914,559,8,2.0,2.0,54.0,3.0,1.0,0.0,2.0,4.0
3915,559,1,156.0,1.0,156.0,1.0,,,,
3915,559,2,10.0,1.0,10.0,1.0,,,,
3915,559,3,350000000.0,1.0,350000000.0,1.0,,,,
3915,559,4,10000.0,1.0,8000.0,4.0,1.0,1.0,5.0,17.0
3915,559,5,17.0,2.0,30.0,3.0,2.0,0.0,4.0,13.0
3915,559,6,100.0,1.0,7.0,3.0,0.0,1.0,7.0,19.0
3915,559,7,120.0,2.0,120.0,2.0,,,,
3915,559,8,6.0,2.0,50.0,3.0,2.0,0.0,7.0,15.0
3918,559,1,80.0,2.0,80.0,2.0,,,,
3918,559,2,95.0,3.0,1000.0,2.0,,,,
3918,559,3,500000.0,2.0,300000.0,2.0,,,,
3918,559,4,5000.0,2.0,8000.0,3.0,0.0,3.0,6.0,32.0
3918,559,5,10.0,2.0,30.0,3.0,1.0,0.0,3.0,8.0
3918,559,6,5.0,2.0,7.0,2.0,0.0,3.0,9.0,67.0
3918,559,7,80.0,2.0,80.0,3.0,,,,
3918,559,8,9.0,3.0,70.0,3.0,1.0,0.0,2.0,5.0
3919,559,1,45.0,2.0,45.0,2.0,,,,
3919,559,2,450.0,2.0,450.0,2.0,,,,
3919,559,3,550.0,2.0,550.0,2.0,,,,
3919,559,4,20000.0,2.0,8000.0,3.0,0.0,2.0,10.0,34.0
3919,559,5,30.0,2.0,30.0,3.0,4.0,3.0,5.0,25.0
3919,559,6,5.0,2.0,7.0,3.0,0.0,3.0,9.0,50.0
3919,559,7,100.0,2.0,100.0,2.0,,,,
3919,559,8,50.0,2.0,50.0,3.0,1.0,4.0,7.0,30.0
3941,565,1,70.0,2.0,70.0,2.0,,,,
3941,565,2,150.0,2.0,200.0,3.0,1.0,0.0,4.0,21.0
3941,565,3,400.0,3.0,400.0,3.0,1.0,0.0,6.0,19.0
3941,565,4,200.0,2.0,12000.0,3.0,3.0,0.0,3.0,28.0
3941,565,5,5.0,2.0,20.0,2.0,,,,
3941,565,6,12.0,3.0,12.0,4.0,1.0,2.0,2.0,18.0
3941,565,7,200.0,3.0,200.0,3.0,,,,
3941,565,8,7.0,3.0,7.0,2.0,,,,
3942,565,1,45.0,2.0,45.0,3.0,,,,
3942,565,2,150.0,2.0,150.0,3.0,1.0,0.0,5.0,21.0
3942,565,3,400.0,2.0,400.0,3.0,1.0,0.0,3.0,18.0
3942,565,4,12000.0,2.0,6000.0,3.0,2.0,2.0,5.0,29.0
3942,565,5,30.0,3.0,30.0,3.0,,,,
3942,565,6,5.0,3.0,6.0,3.0,1.0,0.0,3.0,15.0
3942,565,7,150.0,3.0,150.0,3.0,,,,
3942,565,8,60.0,3.0,60.0,3.0,,,,
3944,565,1,,,120.0,1.0,,,,
3944,565,2,,,250.0,3.0,0.0,0.0,2.0,9.0
3944,565,3,,,300.0,3.0,0.0,0.0,1.0,1.0
3944,565,4,,,6000.0,3.0,0.0,0.0,4.0,18.0
3944,565,5,50.0,1.0,50.0,1.0,,,,
3944,565,6,120.0,2.0,12.0,4.0,1.0,0.0,2.0,2.0
3944,565,7,220.0,3.0,220.0,3.0,,,,
3944,565,8,10.0,3.0,10.0,3.0,,,,
3952,565,1,26.0,2.0,40.0,3.0,,,,
3952,565,2,500.0,2.0,200.0,4.0,1.0,0.0,3.0,10.0
3952,565,3,160.0,2.0,400.0,3.0,1.0,0.0,3.0,13.0
3952,565,4,6700.0,4.0,6700.0,4.0,2.0,0.0,2.0,14.0
3952,565,5,15.0,3.0,20.0,3.0,,,,
3952,565,6,6.0,2.0,9.0,3.0,1.0,0.0,2.0,7.0
3952,565,7,120.0,3.0,150.0,3.0,,,,
3952,565,8,7.0,3.0,7.0,3.0,,,,
3953,566,1,63.0,1.0,63.0,1.0,,,,
3953,566,2,300.0,1.0,300.0,1.0,,,,
3953,566,3,600.0,3.0,500.0,4.0,1.0,11.0,9.0,69.0
3953,566,4,12000.0,1.0,12000.0,1.0,,,,
3953,566,5,21.0,1.0,21.0,2.0,1.0,1.0,12.0,45.0
3953,566,6,6.0,2.0,6.0,4.0,4.0,0.0,5.0,18.0
3953,566,7,128.0,3.0,246.0,4.0,1.0,0.0,9.0,34.0
3953,566,8,69.0,3.0,69.0,3.0,,,,
3956,566,1,60.0,3.0,60.0,3.0,,,,
3956,566,2,250.0,3.0,250.0,3.0,,,,
3956,566,3,4000.0,3.0,400.0,4.0,0.0,4.0,12.0,64.0
3956,566,4,18.0,4.0,15000.0,3.0,,,,
3956,566,5,20.0,1.0,25.0,3.0,1.0,0.0,15.0,88.0
3956,566,6,8.0,3.0,7.0,3.0,3.0,0.0,8.0,45.0
3956,566,7,300.0,3.0,260.0,4.0,2.0,3.0,12.0,72.0
3956,566,8,80.0,3.0,60.0,4.0,,,,
3957,566,1,180.0,1.0,180.0,3.0,,,,
3957,566,2,,,180.0,3.0,,,,
3957,566,3,,,400.0,4.0,0.0,0.0,4.0,21.0
3957,566,4,11000.0,4.0,11000.0,4.0,,,,
3957,566,5,50.0,1.0,35.0,3.0,1.0,0.0,5.0,17.0
3957,566,6,3.0,3.0,6.0,3.0,4.0,0.0,5.0,34.0
3957,566,7,240.0,4.0,245.0,5.0,0.0,2.0,5.0,30.0
3957,566,8,,,70.0,3.0,,,,
3960,566,1,37.0,2.0,37.0,3.0,,,,
3960,566,2,139.0,2.0,139.0,4.0,,,,
3960,566,3,350.0,3.0,500.0,4.0,1.0,0.0,6.0,32.0
3960,566,4,50000.0,3.0,50000.0,4.0,,,,
3960,566,5,15.0,3.0,25.0,3.0,1.0,0.0,5.0,36.0
3960,566,6,75.0,3.0,9.0,4.0,1.0,0.0,5.0,27.0
3960,566,7,150.0,2.0,260.0,4.0,2.0,2.0,7.0,37.0
3960,566,8,20.0,3.0,20.0,4.0,,,,
3982,571,1,178.0,1.0,200.0,4.0,0.0,1.0,8.0,31.0
3982,571,2,800.0,1.0,2000.0,2.0,,,,
3982,571,3,300000000.0,3.0,350000000.0,4.0,2.0,2.0,10.0,43.0
3982,571,4,15000.0,3.0,13000.0,4.0,0.0,2.0,11.0,61.0
3982,571,5,6.0,1.0,8.0,1.0,,,,
3982,571,6,30.0,2.0,80.0,4.0,2.0,3.0,17.0,65.0
3982,571,7,240.0,4.0,240.0,5.0,,,,
3982,571,8,32.0,3.0,30.0,4.0,,,,
3983,571,1,120.0,1.0,200.0,3.0,0.0,2.0,5.0,26.0
3983,571,2,60.0,2.0,60.0,2.0,,,,
3983,571,3,600.0,3.0,300.0,2.0,1.0,0.0,6.0,37.0
3983,571,4,100000.0,2.0,13000.0,4.0,0.0,0.0,7.0,29.0
3983,571,5,5.0,1.0,5.0,1.0,,,,
3983,571,6,16.0,3.0,20.0,4.0,1.0,3.0,5.0,38.0
3983,571,7,150.0,2.0,150.0,2.0,,,,
3983,571,8,46.0,2.0,46.0,2.0,,,,
3984,571,1,8.0,2.0,200.0,1.0,0.0,1.0,4.0,18.0
3984,571,2,30.0,1.0,30.0,1.0,,,,
3984,571,3,20.0,1.0,300.0,1.0,2.0,0.0,4.0,36.0
3984,571,4,1000.0,1.0,12000.0,3.0,0.0,0.0,7.0,49.0
3984,571,5,3.0,3.0,8.0,1.0,,,,
3984,571,6,10.0,1.0,20.0,2.0,1.0,3.0,6.0,51.0
3984,571,7,200.0,1.0,200.0,2.0,,,,
3984,571,8,25.0,1.0,25.0,3.0,,,,
3987,571,1,100.0,1.0,200.0,4.0,2.0,7.0,10.0,51.0
3987,571,2,50.0,2.0,150.0,3.0,,,,
3987,571,3,300.0,2.0,350.0,4.0,2.0,4.0,8.0,74.0
3987,571,4,70.0,1.0,11.0,4.0,0.0,5.0,10.0,62.0
3987,571,5,30.0,1.0,30.0,1.0,,,,
3987,571,6,25.0,3.0,20.0,4.0,1.0,6.0,14.0,99.0
3987,571,7,200.0,4.0,233.0,4.0,,,,
3987,571,8,30.0,3.0,30.0,3.0,,,,
3994,573,1,100.0,1.0,100.0,1.0,,,,
3994,573,2,400.0,1.0,400.0,3.0,2.0,1.0,11.0,66.0
3994,573,3,200.0,1.0,200.0,1.0,,,,
3994,573,4,5000.0,3.0,5000.0,3.0,,,,
3994,573,5,6.0,2.0,30.0,3.0,1.0,1.0,7.0,41.0
3994,573,6,6.0,3.0,6.0,3.0,,,,
3994,573,7,550.0,3.0,250.0,3.0,0.0,3.0,13.0,71.0
3994,573,8,250.0,2.0,150.0,3.0,2.0,3.0,16.0,82.0
3998,573,1,,,34.0,3.0,,,,
3998,573,2,,,240.0,3.0,1.0,1.0,11.0,55.0
3998,573,3,850.0,2.0,850.0,2.0,,,,
3998,573,4,15000.0,2.0,15000.0,2.0,,,,
3998,573,5,,,42.0,3.0,0.0,1.0,7.0,36.0
3998,573,6,12.0,2.0,14.0,2.0,,,,
3998,573,7,180.0,2.0,200.0,3.0,2.0,2.0,6.0,36.0
3998,573,8,35.0,2.0,80.0,3.0,2.0,0.0,4.0,23.0
4001,573,1,75.0,1.0,,,,,,
4001,573,2,500.0,1.0,,,3.0,2.0,23.0,71.0
4001,573,3,100.0,1.0,,,,,,
4001,573,4,500.0,1.0,,,,,,
4001,573,5,35.0,1.0,,,1.0,0.0,17.0,46.0
4001,573,6,7.0,3.0,,,,,,
4001,573,7,130.0,2.0,,,2.0,1.0,20.0,85.0
4001,573,8,35.0,3.0,,,3.0,0.0,21.0,81.0
4018,573,1,40.0,3.0,120.0,4.0,,,,
4018,573,2,300.0,3.0,400.0,4.0,2.0,0.0,15.0,83.0
4018,573,3,1000.0,1.0,1000.0,3.0,,,,
4018,573,4,10000.0,1.0,10000.0,2.0,,,,
4018,573,5,7.0,1.0,30.0,4.0,2.0,2.0,11.0,64.0
4018,573,6,6.0,3.0,9.0,4.0,,,,
4018,573,7,160.0,3.0,200.0,3.0,2.0,4.0,13.0,63.0
4018,573,8,80.0,2.0,100.0,4.0,1.0,3.0,9.0,49.0
3996,576,1,,,30.0,3.0,,,,
3996,576,2,,,160.0,4.0,,,,
3996,576,3,300.0,2.0,250.0,3.0,3.0,0.0,5.0,38.0
3996,576,4,,,4500.0,4.0,0.0,5.0,5.0,23.0
3996,576,5,3.0,1.0,3.0,1.0,,,,
3996,576,6,5.0,3.0,5.0,3.0,2.0,0.0,11.0,46.0
3996,576,7,140.0,4.0,140.0,3.0,,,,
3996,576,8,25.0,3.0,22.0,4.0,3.0,0.0,4.0,18.0
4009,576,1,60.0,2.0,60.0,2.0,,,,
4009,576,2,1000.0,2.0,1000.0,2.0,,,,
4009,576,3,150000000.0,2.0,250.0,3.0,1.0,0.0,2.0,6.0
4009,576,4,20.0,1.0,4000.0,3.0,0.0,0.0,4.0,11.0
4009,576,5,4.0,1.0,4.0,1.0,,,,
4009,576,6,5.0,2.0,5.0,3.0,1.0,1.0,5.0,26.0
4009,576,7,120.0,3.0,120.0,3.0,,,,
4009,576,8,12.0,3.0,25.0,3.0,2.0,0.0,3.0,12.0
4020,576,1,32.0,3.0,78.0,3.0,,,,
4020,576,2,78.0,4.0,76.0,3.0,,,,
4020,576,3,200.0,3.0,200.0,4.0,1.0,0.0,4.0,13.0
4020,576,4,1200.0,3.0,1000.0,4.0,1.0,0.0,6.0,10.0
4020,576,5,1.0,4.0,15.0,3.0,,,,
4020,576,6,150.0,4.0,20.0,3.0,1.0,0.0,6.0,27.0
4020,576,7,500.0,3.0,500.0,4.0,,,,
4020,576,8,20.0,4.0,25.0,4.0,2.0,0.0,5.0,16.0
4021,576,1,7.0,3.0,,,,,,
4021,576,2,115.0,3.0,,,,,,
4021,576,3,90.0,3.0,200.0,4.0,2.0,0.0,4.0,18.0
4021,576,4,30000.0,2.0,,,0.0,1.0,5.0,10.0
4021,576,5,4.0,3.0,,,,,,
4021,576,6,7.0,4.0,,,1.0,0.0,3.0,8.0
4021,576,7,900.0,3.0,,,,,,
4021,576,8,20.0,2.0,,,3.0,2.0,6.0,27.0
4039,579,1,75.0,3.0,80.0,3.0,,,,
4039,579,2,200.0,3.0,200.0,3.0,2.0,0.0,7.0,31.0
4039,579,3,300.0,3.0,400.0,3.0,2.0,3.0,8.0,49.0
4039,579,4,8000.0,3.0,10000.0,3.0,1.0,2.0,10.0,66.0
4039,579,5,30.0,3.0,30.0,3.0,,,,
4039,579,6,10.0,3.0,10.0,3.0,,,,
4039,579,7,200.0,3.0,200.0,3.0,2.0,3.0,8.0,63.0
4039,579,8,80.0,3.0,80.0,3.0,,,,
4042,579,1,102.0,1.0,102.0,1.0,,,,
4042,579,2,350.0,2.0,200.0,3.0,3.0,0.0,9.0,33.0
4042,579,3,200.0,2.0,410.0,3.0,2.0,1.0,13.0,67.0
4042,579,4,175000.0,1.0,10000.0,3.0,0.0,10.0,17.0,113.0
4042,579,5,7.0,1.0,7.0,1.0,,,,
4042,579,6,15.0,2.0,15.0,3.0,,,,
4042,579,7,96.0,3.0,200.0,3.0,1.0,2.0,9.0,55.0
4042,579,8,7.0,3.0,7.0,2.0,,,,
4043,579,1,171.0,5.0,171.0,5.0,,,,
4043,579,2,100.0,3.0,350.0,4.0,5.0,1.0,11.0,67.0
4043,579,3,400000000.0,4.0,400000000.0,4.0,2.0,6.0,9.0,59.0
4043,579,4,10000.0,1.0,10000.0,3.0,0.0,1.0,7.0,49.0
4043,579,5,60.0,3.0,60.0,2.0,,,,
4043,579,6,,,8.0,3.0,,,,
4043,579,7,,,120.0,4.0,0.0,2.0,9.0,48.0
4043,579,8,,,60.0,4.0,,,,
4045,579,1,31.0,1.0,33.0,1.0,,,,
4045,579,2,67.0,2.0,200.0,3.0,5.0,2.0,14.0,60.0
4045,579,3,41.0,3.0,420.0,3.0,0.0,0.0,11.0,26.0
4045,579,4,29.0,1.0,20000.0,2.0,2.0,2.0,8.0,37.0
4045,579,5,4.0,2.0,6.0,2.0,,,,
4045,579,6,12.0,2.0,12.0,2.0,,,,
4045,579,7,62.0,2.0,100.0,2.0,0.0,0.0,7.0,23.0
4045,579,8,13.0,2.0,16.0,2.0,,,,
4133,580,1,30.0,3.0,114.0,3.0,2.0,1.0,15.0,79.0
4133,580,2,38.0,1.0,46.0,2.0,,,,
4133,580,3,3.0,3.0,320.0,3.0,2.0,0.0,7.0,24.0
4133,580,4,5000.0,1.0,53000.0,1.0,,,,
4133,580,5,10.0,1.0,10.0,1.0,,,,
4133,580,6,2.0,3.0,3.0,3.0,,,,
4133,580,7,320.0,4.0,230.0,5.0,0.0,2.0,11.0,59.0
4133,580,8,43.0,3.0,67.0,3.0,1.0,1.0,7.0,33.0
4134,580,1,11.0,1.0,114.0,1.0,1.0,1.0,10.0,24.0
4134,580,2,0.0,2.0,100.0,1.0,,,,
4134,580,3,500.0,1.0,500.0,1.0,0.0,1.0,3.0,14.0
4134,580,4,120.0,1.0,500.0,1.0,,,,
4134,580,5,10.0,1.0,10.0,1.0,,,,
4134,580,6,12.0,1.0,50.0,1.0,,,,
4134,580,7,300.0,1.0,230.0,1.0,0.0,1.0,5.0,47.0
4134,580,8,15.0,1.0,80.0,1.0,0.0,0.0,4.0,11.0
4142,580,1,64.0,2.0,114.0,3.0,0.0,14.0,16.0,118.0
4142,580,2,260.0,2.0,150.0,2.0,,,,
4142,580,3,240.0,1.0,370.0,3.0,3.0,2.0,8.0,53.0
4142,580,4,7000.0,3.0,7000.0,2.0,,,,
4142,580,5,10.0,1.0,12.0,1.0,,,,
4142,580,6,5.0,2.0,5.0,3.0,,,,
4142,580,7,70.0,1.0,230.0,4.0,0.0,0.0,9.0,42.0
4142,580,8,78.0,2.0,75.0,3.0,1.0,9.0,15.0,104.0
4149,580,1,760.0,3.0,,,2.0,1.0,6.0,32.0
4149,580,2,200.0,2.0,,,,,,
4149,580,3,550.0,3.0,,,1.0,0.0,5.0,23.0
4149,580,4,10000.0,1.0,,,,,,
4149,580,5,30.0,3.0,,,,,,
4149,580,6,12.0,3.0,,,,,,
4149,580,7,236.0,4.0,,,0.0,2.0,4.0,22.0
4149,580,8,5.0,3.0,,,1.0,2.0,4.0,31.0
4139,581,1,100.0,2.0,100.0,2.0,,,,
4139,581,2,120.0,4.0,150.0,3.0,1.0,0.0,3.0,19.0
4139,581,3,2000000000.0,3.0,500.0,4.0,,,,
4139,581,4,50.0,4.0,40.0,5.0,,,,
4139,581,5,15.0,2.0,15.0,2.0,,,,
4139,581,6,100.0,3.0,50.0,4.0,2.0,0.0,8.0,34.0
4139,581,7,200.0,1.0,150.0,2.0,1.0,0.0,2.0,11.0
4139,581,8,20.0,4.0,120.0,4.0,3.0,0.0,3.0,34.0
4148,581,1,20.0,2.0,20.0,2.0,,,,
4148,581,2,270.0,2.0,270.0,2.0,1.0,0.0,3.0,12.0
4148,581,3,300.0,3.0,300.0,3.0,,,,
4148,581,4,1500.0,2.0,1500.0,2.0,,,,
4148,581,5,10.0,1.0,14.0,1.0,,,,
4148,581,6,50.0,4.0,35.0,3.0,2.0,0.0,3.0,24.0
4148,581,7,200.0,2.0,200.0,2.0,1.0,0.0,2.0,7.0
4148,581,8,13.0,4.0,200.0,3.0,2.0,0.0,2.0,13.0
4151,581,1,150.0,2.0,125.0,2.0,,,,
4151,581,2,100.0,3.0,150.0,3.0,1.0,0.0,3.0,8.0
4151,581,3,800.0,2.0,900.0,2.0,,,,
4151,581,4,5000.0,1.0,4000.0,2.0,,,,
4151,581,5,20.0,3.0,20.0,3.0,,,,
4151,581,6,24.0,2.0,20.0,3.0,2.0,1.0,5.0,22.0
4151,581,7,160.0,2.0,160.0,2.0,1.0,0.0,2.0,7.0
4151,581,8,15.0,3.0,18.0,2.0,2.0,0.0,2.0,13.0
4153,581,1,100.0,1.0,300.0,1.0,,,,
4153,581,2,250.0,3.0,250.0,3.0,1.0,0.0,3.0,16.0
4153,581,3,450.0,4.0,450.0,4.0,,,,
4153,581,4,25000.0,3.0,25000.0,3.0,,,,
4153,581,5,50.0,1.0,50.0,1.0,,,,
4153,581,6,10.0,2.0,10.0,2.0,4.0,1.0,8.0,48.0
4153,581,7,150.0,1.0,150.0,1.0,1.0,0.0,2.0,8.0
4153,581,8,15.0,4.0,15.0,4.0,2.0,0.0,3.0,18.0
4135,582,1,100.0,2.0,100.0,2.0,,,,
4135,582,2,150.0,1.0,200.0,2.0,1.0,0.0,5.0,21.0
4135,582,3,450.0,3.0,500.0,3.0,1.0,0.0,5.0,16.0
4135,582,4,200000.0,1.0,15000.0,3.0,2.0,0.0,9.0,49.0
4135,582,5,90.0,1.0,90.0,1.0,,,,
4135,582,6,5.0,3.0,5.0,3.0,,,,
4135,582,7,200.0,1.0,168.0,3.0,2.0,2.0,8.0,35.0
4135,582,8,40.0,3.0,40.0,3.0,,,,
4141,582,1,60.0,2.0,60.0,2.0,,,,
4141,582,2,75.0,3.0,150.0,4.0,1.0,0.0,9.0,42.0
4141,582,3,50.0,2.0,500.0,4.0,0.0,0.0,7.0,33.0
4141,582,4,1500.0,2.0,20000.0,4.0,2.0,0.0,13.0,57.0
4141,582,5,2.0,2.0,2.0,2.0,,,,
4141,582,6,3.0,3.0,5.0,3.0,,,,
4141,582,7,115.0,3.0,158.0,4.0,8.0,1.0,9.0,67.0
4141,582,8,15.0,2.0,20.0,3.0,,,,
4147,582,1,230.0,2.0,230.0,3.0,,,,
4147,582,2,350.0,2.0,300.0,3.0,3.0,2.0,8.0,58.0
4147,582,3,700000000.0,3.0,700.0,4.0,0.0,5.0,7.0,59.0
4147,582,4,20000.0,3.0,16000.0,3.0,2.0,2.0,10.0,55.0
4147,582,5,35.0,3.0,30.0,3.0,,,,
4147,582,6,5.0,4.0,5.0,4.0,,,,
4147,582,7,240.0,3.0,220.0,3.0,1.0,2.0,7.0,55.0
4147,582,8,30.0,3.0,30.0,3.0,,,,
4150,582,1,100.0,2.0,100.0,2.0,,,,
4150,582,2,100.0,1.0,100.0,2.0,1.0,0.0,6.0,19.0
4150,582,3,200.0,2.0,400.0,3.0,1.0,0.0,6.0,28.0
4150,582,4,2000.0,2.0,20000.0,3.0,1.0,1.0,8.0,26.0
4150,582,5,3.0,3.0,3.0,2.0,,,,
4150,582,6,10.0,2.0,10.0,2.0,,,,
4150,582,7,60.0,2.0,100.0,3.0,1.0,0.0,9.0,24.0
4150,582,8,13.0,2.0,13.0,2.0,,,,
4230,587,1,215.0,1.0,80.0,3.0,0.0,3.0,8.0,35.0
4230,587,2,823.0,1.0,216.0,3.0,0.0,6.0,12.0,69.0
4230,587,3,1246.0,2.0,750.0,3.0,0.0,1.0,8.0,27.0
4230,587,4,8.0,2.0,8.0,3.0,,,,
4230,587,5,23.0,1.0,42.0,2.0,,,,
4230,587,6,21.0,1.0,15.0,2.0,,,,
4230,587,7,80.0,1.0,225.0,3.0,0.0,0.0,6.0,12.0
4230,587,8,56.0,2.0,46.0,3.0,,,,
4232,587,1,87.0,3.0,80.0,4.0,0.0,0.0,9.0,38.0
4232,587,2,400.0,3.0,500.0,4.0,1.0,2.0,9.0,60.0
4232,587,3,250.0,3.0,600.0,4.0,1.0,0.0,9.0,41.0
4232,587,4,10000.0,2.0,10000.0,4.0,,,,
4232,587,5,38.0,4.0,38.0,4.0,,,,
4232,587,6,25.0,4.0,25.0,4.0,,,,
4232,587,7,250.0,3.0,225.0,4.0,0.0,2.0,12.0,50.0
4232,587,8,49.0,4.0,49.0,4.0,,,,
4235,587,1,50.0,1.0,50.0,3.0,0.0,0.0,6.0,36.0
4235,587,2,3000.0,3.0,1950.0,3.0,0.0,9.0,15.0,97.0
4235,587,3,300000000.0,3.0,500000000.0,4.0,2.0,1.0,6.0,42.0
4235,587,4,8000.0,3.0,8000.0,4.0,,,,
4235,587,5,30.0,1.0,20.0,2.0,,,,
4235,587,6,6.0,3.0,6.0,3.0,,,,
4235,587,7,200.0,2.0,200.0,3.0,0.0,5.0,13.0,62.0
4235,587,8,10.0,3.0,11.0,4.0,,,,
4236,587,1,70.0,3.0,70.0,4.0,1.0,1.0,12.0,55.0
4236,587,2,150.0,3.0,150.0,1.0,1.0,0.0,9.0,38.0
4236,587,3,75000000.0,1.0,7500000.0,4.0,1.0,0.0,8.0,22.0
4236,587,4,10000.0,1.0,100000.0,1.0,,,,
4236,587,5,15.0,1.0,15.0,1.0,,,,
4236,587,6,5.0,2.0,5.0,3.0,,,,
4236,587,7,120.0,2.0,120.0,2.0,1.0,1.0,12.0,48.0
4236,587,8,7.0,4.0,7.0,4.0,,,,
4251,591,1,1.0,1.0,,,1.0,0.0,3.0,15.0
4251,591,2,1.0,1.0,,,,,,
4251,591,3,700.0,1.0,,,1.0,1.0,4.0,32.0
4251,591,4,10000.0,1.0,,,,,,
4251,591,5,1.0,1.0,,,,,,
4251,591,6,5.0,1.0,,,0.0,0.0,8.0,52.0
4251,591,7,150.0,1.0,,,1.0,0.0,2.0,7.0
4251,591,8,50.0,1.0,,,,,,
4267,591,1,800.0,1.0,80.0,3.0,1.0,2.0,5.0,19.0
4267,591,2,50.0,2.0,50.0,2.0,,,,
4267,591,3,300000000.0,3.0,400.0,3.0,1.0,1.0,5.0,28.0
4267,591,4,20000.0,1.0,20000.0,2.0,,,,
4267,591,5,6.0,2.0,6.0,2.0,,,,
4267,591,6,8.0,3.0,10.0,3.0,1.0,1.0,5.0,33.0
4267,591,7,60.0,2.0,150.0,3.0,1.0,0.0,3.0,8.0
4267,591,8,50.0,1.0,50.0,3.0,,,,
4269,591,1,30.0,2.0,80.0,3.0,1.0,1.0,4.0,26.0
4269,591,2,69.0,1.0,200.0,3.0,,,,
4269,591,3,85.0,2.0,500.0,3.0,2.0,0.0,6.0,21.0
4269,591,4,1000.0,1.0,1500.0,3.0,,,,
4269,591,5,8.0,1.0,7.0,3.0,,,,
4269,591,6,15.0,2.0,10.0,3.0,1.0,0.0,7.0,46.0
4269,591,7,500.0,3.0,230.0,4.0,1.0,0.0,3.0,22.0
4269,591,8,15.0,2.0,12.0,3.0,,,,
4271,591,1,30.0,2.0,80.0,3.0,1.0,1.0,4.0,15.0
4271,591,2,,,180.0,4.0,,,,
4271,591,3,70.0,3.0,400.0,3.0,1.0,0.0,2.0,15.0
4271,591,4,7.0,2.0,7.0,2.0,,,,
4271,591,5,10.0,1.0,20.0,1.0,,,,
4271,591,6,12.0,2.0,10.0,4.0,1.0,0.0,5.0,22.0
4271,591,7,10.0,5.0,225.0,5.0,1.0,2.0,3.0,28.0
4271,591,8,35.0,2.0,70.0,3.0,,,,
4254,592,1,54.0,3.0,78.0,2.0,,,,
4254,592,2,567.0,5.0,567.0,1.0,,,,
4254,592,3,102.0,3.0,100.0,3.0,2.0,0.0,9.0,36.0
4254,592,4,1000.0,3.0,100000.0,3.0,,,,
4254,592,5,8.0,3.0,15.0,4.0,2.0,0.0,6.0,23.0
4254,592,6,300.0,3.0,30.0,4.0,,,,
4254,592,7,288.0,5.0,300.0,2.0,2.0,0.0,9.0,33.0
4254,592,8,35.0,4.0,50.0,2.0,1.0,3.0,11.0,44.0
4259,592,1,550.0,2.0,550.0,2.0,,,,
4259,592,2,450.0,3.0,450.0,3.0,,,,
4259,592,3,500.0,3.0,500.0,3.0,4.0,2.0,8.0,42.0
4259,592,4,15000.0,3.0,15000.0,3.0,,,,
4259,592,5,10.0,1.0,8.0,2.0,2.0,1.0,12.0,66.0
4259,592,6,15.0,2.0,15.0,3.0,,,,
4259,592,7,300.0,3.0,300.0,3.0,2.0,5.0,10.0,53.0
4259,592,8,70.0,3.0,70.0,3.0,2.0,3.0,10.0,57.0
4266,592,1,50.0,2.0,50.0,2.0,,,,
4266,592,2,200.0,2.0,200.0,3.0,,,,
4266,592,3,400.0,3.0,400.0,3.0,2.0,0.0,4.0,26.0
4266,592,4,30000.0,3.0,30000.0,3.0,,,,
4266,592,5,10.0,1.0,10.0,1.0,1.0,1.0,5.0,21.0
4266,592,6,8.0,3.0,8.0,3.0,,,,
4266,592,7,236.0,5.0,236.0,5.0,0.0,0.0,0.0,0.0
4266,592,8,70.0,2.0,70.0,2.0,1.0,0.0,5.0,27.0
4278,592,1,9.0,3.0,12.0,3.0,,,,
4278,592,2,10.0,3.0,10.0,2.0,,,,
4278,592,3,10.0,2.0,500.0,3.0,2.0,0.0,7.0,21.0
4278,592,4,2000.0,3.0,300.0,1.0,,,,
4278,592,5,7.0,3.0,8.0,3.0,1.0,1.0,4.0,20.0
4278,592,6,3.0,3.0,4.0,3.0,,,,
4278,592,7,20.0,3.0,250.0,3.0,1.0,1.0,8.0,41.0
4278,592,8,1.0,3.0,50.0,3.0,0.0,0.0,2.0,18.0
4302,593,1,10.0,1.0,45.0,1.0,1.0,0.0,4.0,13.0
4302,593,2,900.0,1.0,900.0,1.0,,,,
4302,593,3,300.0,1.0,300.0,1.0,,,,
4302,593,4,1000.0,1.0,7000.0,3.0,1.0,1.0,4.0,21.0
4302,593,5,5.0,1.0,5.0,1.0,,,,
4302,593,6,5.0,3.0,5.0,3.0,,,,
4302,593,7,250.0,2.0,245.0,2.0,2.0,1.0,4.0,17.0
4302,593,8,15.0,2.0,60.0,3.0,1.0,0.0,2.0,14.0
4319,593,1,15.0,3.0,12.0,4.0,1.0,0.0,11.0,24.0
4319,593,2,400.0,4.0,100.0,3.0,,,,
4319,593,3,500.0,3.0,500.0,3.0,,,,
4319,593,4,5000.0,3.0,50000.0,3.0,2.0,0.0,5.0,11.0
4319,593,5,12.0,2.0,10.0,3.0,,,,
4319,593,6,15.0,4.0,20.0,3.0,,,,
4319,593,7,300.0,3.0,250.0,5.0,2.0,1.0,5.0,13.0
4319,593,8,50.0,2.0,50.0,4.0,1.0,0.0,3.0,10.0
4320,593,1,10.0,1.0,50.0,2.0,3.0,4.0,6.0,56.0
4320,593,2,250.0,1.0,250.0,1.0,,,,
4320,593,3,400.0,5.0,400.0,5.0,,,,
4320,593,4,60000.0,1.0,100000.0,1.0,1.0,1.0,8.0,40.0
4320,593,5,2.0,1.0,2.0,1.0,,,,
4320,593,6,3.0,1.0,3.0,1.0,,,,
4320,593,7,150.0,2.0,240.0,3.0,4.0,2.0,6.0,43.0
4320,593,8,7.0,5.0,50.0,5.0,4.0,2.0,8.0,44.0
4328,593,1,50.0,2.0,50.0,4.0,1.0,1.0,3.0,20.0
4328,593,2,150.0,3.0,150.0,3.0,,,,
4328,593,3,15000000.0,3.0,15000000.0,3.0,,,,
4328,593,4,9000.0,1.0,7000.0,3.0,1.0,0.0,3.0,25.0
4328,593,5,20.0,3.0,20.0,2.0,,,,
4328,593,6,15.0,3.0,15.0,3.0,,,,
4328,593,7,50.0,2.0,250.0,4.0,2.0,0.0,2.0,8.0
4328,593,8,60.0,3.0,50.0,3.0,2.0,0.0,3.0,10.0
4415,604,1,4.0,2.0,100.0,3.0,,,,
4415,604,2,315.0,3.0,205.0,3.0,2.0,0.0,7.0,29.0
4415,604,3,200.0,1.0,320000.0,3.0,0.0,0.0,5.0,5.0
4415,604,4,50.0,3.0,10.0,3.0,,,,
4415,604,5,1.0,2.0,38.0,3.0,1.0,0.0,9.0,30.0
4415,604,6,20.0,2.0,20.0,3.0,,,,
4415,604,7,6.0,1.0,300.0,3.0,,,,
4415,604,8,6.0,1.0,10.0,3.0,1.0,0.0,3.0,5.0
4418,604,1,10.0,3.0,10.0,3.0,,,,
4418,604,2,300.0,3.0,300.0,4.0,2.0,0.0,3.0,10.0
4418,604,3,100.0,3.0,300.0,3.0,2.0,0.0,4.0,25.0
4418,604,4,2000.0,2.0,2000.0,2.0,,,,
4418,604,5,10.0,2.0,10.0,2.0,1.0,0.0,8.0,68.0
4418,604,6,20.0,2.0,20.0,2.0,,,,
4418,604,7,300.0,3.0,300.0,3.0,,,,
4418,604,8,50.0,3.0,50.0,3.0,2.0,0.0,3.0,22.0
4434,604,1,350.0,1.0,350.0,1.0,,,,
4434,604,2,10000.0,1.0,328.0,3.0,2.0,0.0,4.0,17.0
4434,604,3,500.0,1.0,200.0,2.0,1.0,0.0,7.0,19.0
4434,604,4,50000.0,1.0,25000.0,2.0,,,,
4434,604,5,7.0,1.0,15.0,3.0,2.0,1.0,9.0,56.0
4434,604,6,5.0,1.0,10.0,2.0,,,,
4434,604,7,200.0,2.0,200.0,1.0,,,,
4434,604,8,12.0,1.0,50.0,2.0,2.0,0.0,3.0,17.0
4403,605,1,60.0,2.0,100.0,2.0,1.0,1.0,9.0,36.0
4403,605,2,40.0,1.0,40.0,2.0,,,,
4403,605,3,300.0,2.0,300.0,2.0,2.0,1.0,9.0,41.0
4403,605,4,1000.0,2.0,11.0,3.0,0.0,0.0,12.0,60.0
4403,605,5,15.0,2.0,15.0,3.0,1.0,0.0,8.0,30.0
4403,605,6,5.0,2.0,5.0,2.0,,,,
4403,605,7,90.0,2.0,90.0,2.0,,,,
4403,605,8,80.0,1.0,80.0,2.0,,,,
4410,605,1,94.0,1.0,100.0,3.0,1.0,5.0,18.0,90.0
4410,605,2,55.0,2.0,55.0,2.0,,,,
4410,605,3,35000000.0,3.0,500000000.0,3.0,0.0,1.0,11.0,50.0
4410,605,4,9000.0,3.0,11000.0,3.0,1.0,1.0,11.0,42.0
4410,605,5,20.0,1.0,15.0,2.0,2.0,0.0,9.0,55.0
4410,605,6,9.0,4.0,9.0,4.0,,,,
4410,605,7,200.0,4.0,200.0,4.0,,,,
4410,605,8,37.0,3.0,40.0,3.0,,,,
4414,605,1,,,32.0,4.0,0.0,0.0,5.0,14.0
4414,605,2,200.0,3.0,200.0,4.0,,,,
4414,605,3,,,5000000.0,5.0,0.0,0.0,11.0,39.0
4414,605,4,,,11000.0,5.0,0.0,0.0,16.0,70.0
4414,605,5,,,32.0,5.0,1.0,0.0,8.0,34.0
4414,605,6,5.0,3.0,5.0,5.0,,,,
4414,605,7,,,200.0,5.0,,,,
4414,605,8,60.0,3.0,60.0,5.0,,,,
4435,605,1,50.0,1.0,110.0,3.0,1.0,8.0,9.0,103.0
4435,605,2,80.0,2.0,80.0,2.0,,,,
4435,605,3,900000.0,2.0,600.0,4.0,0.0,1.0,7.0,43.0
4435,605,4,10000.0,2.0,10000.0,3.0,1.0,2.0,14.0,93.0
4435,605,5,,,15.0,2.0,1.0,0.0,5.0,21.0
4435,605,6,25.0,3.0,25.0,3.0,,,,
4435,605,7,,,180.0,3.0,,,,
4435,605,8,30.0,4.0,30.0,3.0,,,,
4401,606,1,,,30.0,3.0,,,,
4401,606,2,340.0,2.0,340.0,2.0,,,,
4401,606,3,120000000.0,2.0,200000000.0,3.0,0.0,0.0,6.0,17.0
4401,606,4,6000.0,2.0,6000.0,2.0,,,,
4401,606,5,8.0,3.0,20.0,3.0,1.0,0.0,10.0,40.0
4401,606,6,6.0,4.0,6.0,4.0,2.0,3.0,7.0,38.0
4401,606,7,200.0,2.0,200.0,4.0,3.0,1.0,5.0,38.0
4401,606,8,,,6.0,2.0,,,,
4421,606,1,121.0,2.0,98.0,2.0,,,,
4421,606,2,230.0,1.0,80.0,1.0,,,,
4421,606,3,650.0,2.0,300.0,3.0,2.0,0.0,4.0,17.0
4421,606,4,2800.0,2.0,2500.0,2.0,,,,
4421,606,5,27.0,1.0,10.0,1.0,1.0,1.0,6.0,25.0
4421,606,6,2.0,3.0,8.0,3.0,1.0,0.0,3.0,18.0
4421,606,7,86.0,1.0,200.0,3.0,2.0,0.0,2.0,7.0
4421,606,8,39.0,3.0,29.0,3.0,,,,
4429,606,1,3.0,2.0,3.0,1.0,,,,
4429,606,2,50.0,3.0,60.0,2.0,,,,
4429,606,3,80.0,3.0,300.0,3.0,1.0,0.0,9.0,22.0
4429,606,4,3000.0,3.0,30000.0,2.0,,,,
4429,606,5,6.0,3.0,21.0,3.0,0.0,0.0,12.0,63.0
4429,606,6,20.0,3.0,10.0,3.0,3.0,0.0,13.0,56.0
4429,606,7,400.0,3.0,200.0,2.0,3.0,0.0,5.0,40.0
4429,606,8,6.0,3.0,7.0,2.0,,,,
4441,606,1,56.0,2.0,56.0,1.0,,,,
4441,606,2,200.0,2.0,200.0,2.0,,,,
4441,606,3,150.0,3.0,300.0,3.0,1.0,2.0,9.0,52.0
4441,606,4,5000.0,3.0,5500.0,3.0,,,,
4441,606,5,4.0,1.0,9.0,3.0,5.0,0.0,10.0,50.0
4441,606,6,7.0,2.0,9.0,4.0,5.0,0.0,8.0,57.0
4441,606,7,200.0,3.0,200.0,4.0,1.0,5.0,7.0,59.0
4441,606,8,160.0,1.0,160.0,1.0,,,,
4398,607,1,50.0,4.0,180.0,4.0,,,,
4398,607,2,,,225.0,4.0,0.0,2.0,6.0,24.0
4398,607,3,450.0,4.0,450.0,4.0,,,,
4398,607,4,10.0,3.0,9500.0,5.0,1.0,3.0,10.0,61.0
4398,607,5,20.0,2.0,20.0,1.0,1.0,0.0,4.0,14.0
4398,607,6,5.0,2.0,5.0,3.0,,,,
4398,607,7,160.0,3.0,160.0,4.0,,,,
4398,607,8,80.0,4.0,100.0,4.0,2.0,1.0,8.0,56.0
4419,607,1,90.0,3.0,90.0,1.0,,,,
4419,607,2,200.0,3.0,200.0,3.0,4.0,0.0,3.0,12.0
4419,607,3,250.0,3.0,300.0,2.0,,,,
4419,607,4,7000.0,3.0,9500.0,4.0,2.0,0.0,10.0,47.0
4419,607,5,18.0,3.0,25.0,2.0,1.0,0.0,5.0,19.0
4419,607,6,50.0,3.0,50.0,2.0,,,,
4419,607,7,110.0,3.0,110.0,2.0,,,,
4419,607,8,15.0,3.0,40.0,3.0,2.0,0.0,3.0,21.0
4423,607,1,40.0,1.0,40.0,1.0,,,,
4423,607,2,120.0,1.0,250.0,2.0,1.0,0.0,4.0,15.0
4423,607,3,8000000.0,2.0,80000000.0,1.0,,,,
4423,607,4,700.0,1.0,9000.0,2.0,5.0,3.0,9.0,67.0
4423,607,5,25.0,1.0,25.0,1.0,1.0,0.0,3.0,14.0
4423,607,6,10.0,3.0,10.0,3.0,,,,
4423,607,7,80.0,1.0,80.0,1.0,,,,
4423,607,8,25.0,1.0,35.0,1.0,1.0,0.0,3.0,17.0
4436,607,1,100.0,2.0,100.0,1.0,,,,
4436,607,2,400.0,2.0,225.0,5.0,3.0,4.0,13.0,94.0
4436,607,3,11.0,4.0,11.0,2.0,,,,
4436,607,4,500.0,2.0,9500.0,4.0,2.0,2.0,14.0,117.0
4436,607,5,10.0,1.0,18.0,3.0,2.0,0.0,6.0,33.0
4436,607,6,30.0,2.0,30.0,2.0,,,,
4436,607,7,200.0,1.0,200.0,1.0,,,,
4436,607,8,40.0,3.0,40.0,5.0,2.0,5.0,5.0,58.0
4411,608,1,50.0,2.0,50.0,3.0,,,,
4411,608,2,50.0,3.0,100.0,3.0,1.0,0.0,8.0,32.0
4411,608,3,70.0,3.0,500.0,3.0,,,,
4411,608,4,1000.0,3.0,10.0,3.0,0.0,0.0,8.0,21.0
4411,608,5,30.0,2.0,100.0,3.0,,,,
4411,608,6,8.0,3.0,1000.0,3.0,,,,
4411,608,7,200.0,2.0,383.0,3.0,1.0,2.0,5.0,24.0
4411,608,8,10.0,2.0,43.0,3.0,0.0,1.0,4.0,11.0
4428,608,1,34.0,1.0,34.0,1.0,,,,
4428,608,2,47.0,1.0,400.0,1.0,1.0,3.0,9.0,51.0
4428,608,3,121000000.0,1.0,121000000.0,1.0,,,,
4428,608,4,4570.0,1.0,10000000.0,1.0,0.0,2.0,11.0,60.0
4428,608,5,35.0,1.0,34.0,1.0,,,,
4428,608,6,10.0,2.0,10.0,1.0,,,,
4428,608,7,160.0,2.0,383.0,2.0,0.0,2.0,11.0,72.0
4428,608,8,23.0,1.0,43.0,1.0,0.0,8.0,13.0,99.0
4442,608,1,6.0,1.0,6.0,1.0,,,,
4442,608,2,12000.0,1.0,500.0,1.0,2.0,0.0,12.0,43.0
4442,608,3,70.0,1.0,700.0,1.0,,,,
4442,608,4,2002.0,1.0,10000.0,2.0,0.0,0.0,13.0,48.0
4442,608,5,3.0,2.0,3.0,1.0,,,,
4442,608,6,40.0,2.0,40.0,1.0,,,,
4442,608,7,6.0,1.0,383.0,3.0,0.0,0.0,10.0,32.0
4442,608,8,7.0,1.0,40.0,1.0,0.0,0.0,7.0,27.0
4444,608,1,,,,,,,,
4444,608,2,500.0,2.0,300.0,1.0,1.0,1.0,13.0,42.0
4444,608,3,,,1000.0,1.0,,,,
4444,608,4,,,10000000.0,1.0,0.0,2.0,10.0,25.0
4444,608,5,,,12.0,1.0,,,,
4444,608,6,50.0,2.0,500.0,1.0,,,,
4444,608,7,80.0,2.0,400.0,1.0,0.0,4.0,9.0,34.0
4444,608,8,4.0,2.0,10.0,1.0,0.0,0.0,3.0,5.0
4453,611,1,15.0,1.0,25.0,1.0,,,,
4453,611,2,3.0,2.0,3.0,2.0,,,,
4453,611,3,500000000.0,2.0,500000000.0,3.0,3.0,0.0,8.0,31.0
4453,611,4,20000.0,3.0,10000.0,4.0,2.0,2.0,11.0,50.0
4453,611,5,7.0,2.0,32.0,3.0,0.0,1.0,8.0,35.0
4453,611,6,100.0,3.0,150.0,3.0,,,,
4453,611,7,70.0,2.0,120.0,4.0,3.0,3.0,8.0,29.0
4453,611,8,15.0,2.0,20.0,3.0,,,,
4455,611,1,38.0,2.0,38.0,2.0,,,,
4455,611,2,500.0,1.0,500.0,1.0,,,,
4455,611,3,800.0,2.0,600.0,3.0,1.0,3.0,8.0,52.0
4455,611,4,50.0,1.0,10000.0,3.0,0.0,0.0,5.0,13.0
4455,611,5,5.0,1.0,32.0,3.0,1.0,0.0,7.0,25.0
4455,611,6,15.0,3.0,10.0,3.0,,,,
4455,611,7,87.0,1.0,120.0,3.0,3.0,4.0,9.0,39.0
4455,611,8,10.0,2.0,10.0,3.0,,,,
4467,611,1,150.0,1.0,150.0,1.0,,,,
4467,611,2,100.0,1.0,180.0,3.0,,,,
4467,611,3,1000000000000000.0,2.0,500000000.0,3.0,1.0,0.0,4.0,13.0
4467,611,4,5000.0,2.0,10000.0,3.0,2.0,1.0,8.0,29.0
4467,611,5,15.0,1.0,35.0,2.0,1.0,0.0,9.0,64.0
4467,611,6,10.0,2.0,10.0,2.0,,,,
4467,611,7,10.0,4.0,120.0,3.0,3.0,2.0,7.0,35.0
4467,611,8,15.0,3.0,15.0,2.0,,,,
4478,611,1,92.0,2.0,98.0,2.0,,,,
4478,611,2,72.0,2.0,104.0,2.0,,,,
4478,611,3,500.0,3.0,500.0,4.0,4.0,3.0,11.0,56.0
4478,611,4,10.0,2.0,60.0,3.0,0.0,1.0,12.0,54.0
4478,611,5,48.0,2.0,28.0,2.0,3.0,5.0,10.0,77.0
4478,611,6,25.0,3.0,30.0,3.0,,,,
4478,611,7,120.0,2.0,160.0,3.0,4.0,1.0,11.0,60.0
4478,611,8,57.0,3.0,30.0,2.0,,,,
4498,612,1,38.0,1.0,,,1.0,1.0,4.0,12.0
4498,612,2,150.0,1.0,,,,,,
4498,612,3,100000000.0,1.0,,,,,,
4498,612,4,2500.0,1.0,,,,,,
4498,612,5,30.0,1.0,,,,,,
4498,612,6,8.0,1.0,,,1.0,0.0,6.0,21.0
4498,612,7,200.0,2.0,,,1.0,3.0,5.0,26.0
4498,612,8,32.0,2.0,,,2.0,0.0,7.0,31.0
4499,612,1,134.0,2.0,134.0,2.0,1.0,0.0,3.0,11.0
4499,612,2,188.0,2.0,188.0,2.0,,,,
4499,612,3,2000.0,2.0,2000.0,2.0,,,,
4499,612,4,10000.0,2.0,10000.0,2.0,,,,
4499,612,5,5.0,2.0,5.0,2.0,,,,
4499,612,6,20.0,2.0,20.0,2.0,1.0,0.0,5.0,8.0
4499,612,7,123.0,2.0,123.0,2.0,1.0,0.0,3.0,12.0
4499,612,8,12.0,2.0,12.0,2.0,1.0,0.0,6.0,17.0
4506,612,1,150.0,2.0,125.0,1.0,0.0,0.0,1.0,5.0
4506,612,2,100.0,1.0,200.0,1.0,,,,
4506,612,3,500000.0,2.0,500.0,2.0,,,,
4506,612,4,800.0,3.0,800.0,2.0,,,,
4506,612,5,15.0,2.0,20.0,3.0,,,,
4506,612,6,8.0,3.0,10.0,3.0,0.0,0.0,2.0,8.0
4506,612,7,300.0,3.0,250.0,3.0,0.0,0.0,1.0,5.0
4506,612,8,10.0,1.0,40.0,3.0,0.0,0.0,3.0,7.0
4521,612,1,18.0,1.0,50.0,1.0,1.0,1.0,4.0,15.0
4521,612,2,200.0,1.0,200.0,1.0,,,,
4521,612,3,250.0,2.0,250.0,2.0,,,,
4521,612,4,8000.0,3.0,8000.0,3.0,,,,
4521,612,5,15.0,1.0,15.0,1.0,,,,
4521,612,6,10.0,2.0,10.0,2.0,1.0,0.0,6.0,17.0
4521,612,7,80.0,1.0,100.0,1.0,1.0,0.0,5.0,21.0
4521,612,8,35.0,2.0,35.0,3.0,1.0,0.0,8.0,39.0
4526,614,1,30.0,1.0,150.0,1.0,0.0,0.0,2.0,7.0
4526,614,2,300.0,1.0,500.0,1.0,,,,
4526,614,3,4000.0,2.0,4000.0,2.0,,,,
4526,614,4,500.0,1.0,1000.0,1.0,,,,
4526,614,5,15.0,1.0,30.0,2.0,1.0,0.0,5.0,16.0
4526,614,6,6.0,3.0,6.0,3.0,,,,
4526,614,7,300.0,4.0,250.0,4.0,1.0,2.0,4.0,19.0
4526,614,8,3.0,4.0,50.0,2.0,2.0,0.0,4.0,24.0
4532,614,1,5.0,2.0,170.0,3.0,0.0,0.0,5.0,19.0
4532,614,2,150.0,2.0,150.0,2.0,,,,
4532,614,3,300.0,2.0,300.0,2.0,,,,
4532,614,4,12000.0,2.0,12000.0,2.0,,,,
4532,614,5,10.0,2.0,25.0,3.0,5.0,2.0,10.0,45.0
4532,614,6,30.0,3.0,30.0,2.0,,,,
4532,614,7,450.0,2.0,400.0,2.0,1.0,0.0,6.0,15.0
4532,614,8,15.0,3.0,30.0,3.0,2.0,1.0,12.0,35.0
4534,614,1,160.0,3.0,170.0,5.0,0.0,4.0,10.0,30.0
4534,614,2,450.0,2.0,450.0,3.0,,,,
4534,614,3,300.0,3.0,300.0,2.0,,,,
4534,614,4,1000.0,2.0,1000.0,3.0,,,,
4534,614,5,0.0,5.0,30.0,3.0,1.0,0.0,16.0,46.0
4534,614,6,6.0,3.0,5.0,3.0,,,,
4534,614,7,230.0,3.0,250.0,5.0,1.0,2.0,15.0,57.0
4534,614,8,21.0,3.0,21.0,2.0,1.0,1.0,14.0,55.0
4535,614,1,52.0,3.0,150.0,4.0,1.0,0.0,6.0,40.0
4535,614,2,300.0,2.0,300.0,2.0,,,,
4535,614,3,300000000.0,2.0,3000000.0,2.0,,,,
4535,614,4,1500.0,1.0,1500.0,1.0,,,,
4535,614,5,20.0,3.0,30.0,4.0,3.0,0.0,6.0,37.0
4535,614,6,5.0,3.0,5.0,3.0,,,,
4535,614,7,130.0,3.0,250.0,4.0,2.0,2.0,15.0,58.0
4535,614,8,25.0,2.0,40.0,3.0,2.0,0.0,10.0,62.0
4536,615,1,200.0,2.0,200.0,2.0,,,,
4536,615,2,250.0,2.0,200.0,3.0,1.0,0.0,13.0,55.0
4536,615,3,100.0,3.0,100.0,3.0,,,,
4536,615,4,45000.0,4.0,21000.0,4.0,0.0,2.0,12.0,93.0
4536,615,5,20.0,1.0,20.0,1.0,,,,
4536,615,6,12.0,2.0,15.0,3.0,5.0,1.0,13.0,79.0
4536,615,7,230.0,4.0,240.0,5.0,0.0,2.0,15.0,74.0
4536,615,8,120.0,3.0,120.0,3.0,,,,
4537,615,1,,,108.0,2.0,,,,
4537,615,2,,,215.0,2.0,0.0,3.0,16.0,77.0
4537,615,3,390000000.0,4.0,400000000.0,3.0,,,,
4537,615,4,3000.0,2.0,190000.0,3.0,1.0,1.0,17.0,94.0
4537,615,5,80.0,2.0,90.0,2.0,,,,
4537,615,6,20.0,4.0,10.0,4.0,3.0,6.0,21.0,121.0
4537,615,7,,,230.0,4.0,0.0,3.0,13.0,63.0
4537,615,8,80.0,3.0,100.0,3.0,,,,
4547,615,1,97.0,2.0,97.0,2.0,,,,
4547,615,2,156.0,2.0,200.0,3.0,1.0,3.0,22.0,103.0
4547,615,3,120000000.0,3.0,120000000.0,3.0,,,,
4547,615,4,18000.0,2.0,21000.0,4.0,1.0,1.0,17.0,124.0
4547,615,5,15.0,3.0,15.0,3.0,,,,
4547,615,6,32.0,3.0,22.0,4.0,3.0,2.0,16.0,52.0
4547,615,7,240.0,3.0,240.0,4.0,3.0,0.0,19.0,91.0
4547,615,8,45.0,2.0,45.0,2.0,,,,
4550,615,1,6.0,3.0,10.0,4.0,,,,
4550,615,2,150.0,3.0,150.0,3.0,3.0,0.0,11.0,48.0
4550,615,3,300000000.0,3.0,3000000.0,3.0,,,,
4550,615,4,30000.0,2.0,21000.0,4.0,0.0,2.0,16.0,46.0
4550,615,5,20.0,3.0,21.0,3.0,,,,
4550,615,6,32.0,3.0,15.0,3.0,5.0,0.0,10.0,67.0
4550,615,7,28.0,3.0,120.0,3.0,1.0,0.0,9.0,27.0
4550,615,8,12.0,3.0,12.0,3.0,,,,
4527,616,1,150.0,2.0,,,,,,
4527,616,2,600.0,2.0,,,2.0,0.0,2.0,11.0
4527,616,3,400.0,3.0,,,,,,
4527,616,4,12.0,1.0,,,0.0,0.0,2.0,6.0
4527,616,5,4.0,1.0,,,0.0,1.0,4.0,14.0
4527,616,6,12.0,2.0,,,,,,
4527,616,7,9.0,4.0,,,1.0,1.0,6.0,24.0
4527,616,8,12.0,3.0,,,,,,
4544,616,1,10.0,2.0,,,,,,
4544,616,2,300.0,2.0,,,3.0,0.0,4.0,19.0
4544,616,3,60.0,3.0,,,,,,
4544,616,4,2000.0,3.0,,,1.0,0.0,8.0,33.0
4544,616,5,10.0,3.0,,,1.0,0.0,6.0,32.0
4544,616,6,50.0,3.0,,,,,,
4544,616,7,50.0,1.0,,,0.0,0.0,12.0,56.0
4544,616,8,10.0,3.0,,,,,,
4551,616,1,,,55.0,1.0,,,,
4551,616,2,,,300.0,1.0,1.0,0.0,5.0,13.0
4551,616,3,,,70000.0,1.0,,,,
4551,616,4,12000.0,2.0,12000.0,2.0,1.0,3.0,12.0,49.0
4551,616,5,,,27.0,2.0,0.0,0.0,5.0,26.0
4551,616,6,,,39.0,1.0,,,,
4551,616,7,,,60.0,1.0,0.0,1.0,10.0,30.0
4551,616,8,,,0.0,1.0,,,,
4596,621,1,6.0,2.0,,,,,,
4596,621,2,142.0,1.0,162.0,3.0,0.0,3.0,12.0,49.0
4596,621,3,1.0,2.0,,,3.0,1.0,6.0,26.0
4596,621,4,100.0,4.0,1000.0,3.0,0.0,4.0,12.0,72.0
4596,621,5,5.0,1.0,7.0,3.0,,,,
4596,621,6,30.0,3.0,30.0,3.0,,,,
4596,621,7,7.0,1.0,7.0,1.0,1.0,0.0,9.0,27.0
4596,621,8,20.0,1.0,20.0,1.0,,,,
4598,621,1,25.0,3.0,45.0,2.0,,,,
4598,621,2,50.0,2.0,240.0,3.0,1.0,1.0,4.0,14.0
4598,621,3,80.0,2.0,500.0,3.0,0.0,13.0,9.0,40.0
4598,621,4,3500.0,2.0,5000.0,3.0,1.0,1.0,3.0,28.0
4598,621,5,15.0,2.0,35.0,2.0,,,,
4598,621,6,48.0,3.0,60.0,3.0,,,,
4598,621,7,1200.0,3.0,198.0,2.0,1.0,1.0,10.0,38.0
4598,621,8,9.0,2.0,15.0,2.0,,,,
4599,621,1,100.0,1.0,100.0,1.0,,,,
4599,621,2,300.0,1.0,240.0,3.0,2.0,0.0,12.0,37.0
4599,621,3,700000.0,1.0,500000.0,2.0,1.0,1.0,8.0,35.0
4599,621,4,5000.0,2.0,6000.0,2.0,3.0,2.0,11.0,59.0
4599,621,5,15.0,1.0,4.0,2.0,,,,
4599,621,6,10.0,2.0,10.0,3.0,,,,
4599,621,7,200.0,2.0,200.0,3.0,2.0,0.0,9.0,36.0
4599,621,8,8.0,2.0,15.0,2.0,,,,
4610,621,1,40.0,2.0,40.0,2.0,,,,
4610,621,2,100.0,3.0,240.0,4.0,3.0,0.0,24.0,59.0
4610,621,3,500.0,3.0,500.0,4.0,1.0,2.0,18.0,56.0
4610,621,4,2500.0,3.0,3000.0,4.0,3.0,5.0,17.0,57.0
4610,621,5,8.0,2.0,8.0,2.0,,,,
4610,621,6,20.0,4.0,20.0,4.0,,,,
4610,621,7,200.0,2.0,200.0,4.0,1.0,0.0,13.0,35.0
4610,621,8,15.0,2.0,15.0,3.0,,,,
4586,622,1,171.0,4.0,171.0,3.0,,,,
4586,622,2,210.0,3.0,206.0,5.0,1.0,0.0,6.0,24.0
4586,622,3,422000000.0,4.0,430.0,3.0,0.0,0.0,4.0,18.0
4586,622,4,1250.0,4.0,1250.0,5.0,,,,
4586,622,5,11.0,2.0,11.0,3.0,4.0,1.0,6.0,47.0
4586,622,6,130.0,3.0,130.0,3.0,,,,
4586,622,7,2400.0,3.0,2400.0,3.0,,,,
4586,622,8,7.0,5.0,7.0,5.0,1.0,0.0,6.0,30.0
4589,622,1,60.0,3.0,60.0,2.0,,,,
4589,622,2,80.0,3.0,200.0,4.0,2.0,0.0,4.0,13.0
4589,622,3,10000000000.0,3.0,450000000.0,3.0,0.0,0.0,2.0,5.0
4589,622,4,40.0,1.0,40.0,1.0,,,,
4589,622,5,35.0,3.0,15.0,2.0,1.0,4.0,3.0,40.0
4589,622,6,12.0,2.0,24.0,3.0,,,,
4589,622,7,231.0,4.0,231.0,4.0,,,,
4589,622,8,20.0,2.0,8.0,2.0,1.0,0.0,6.0,42.0
4607,622,1,200.0,2.0,290.0,3.0,,,,
4607,622,2,210.0,4.0,200.0,4.0,1.0,0.0,6.0,15.0
4607,622,3,200.0,1.0,350.0,4.0,1.0,0.0,6.0,12.0
4607,622,4,10000.0,1.0,10.0,3.0,,,,
4607,622,5,15.0,3.0,15.0,4.0,3.0,0.0,5.0,14.0
4607,622,6,6.0,3.0,50.0,4.0,,,,
4607,622,7,5.0,1.0,300.0,3.0,,,,
4607,622,8,6.0,3.0,8.0,3.0,1.0,0.0,4.0,12.0
4608,622,1,90.0,1.0,200.0,3.0,,,,
4608,622,2,250.0,3.0,200.0,4.0,2.0,0.0,8.0,36.0
4608,622,3,100000000.0,1.0,350.0,2.0,0.0,0.0,5.0,16.0
4608,622,4,50000.0,1.0,50000.0,1.0,,,,
4608,622,5,10.0,1.0,15.0,2.0,3.0,0.0,4.0,29.0
4608,622,6,1000.0,1.0,200.0,3.0,,,,
4608,622,7,,,250.0,3.0,,,,
4608,622,8,10.0,2.0,8.0,2.0,2.0,0.0,6.0,22.0
4646,628,1,45.0,3.0,205.0,3.0,,,,
4646,628,2,,,206.0,4.0,1.0,0.0,2.0,6.0
4646,628,3,300.0,3.0,350.0,3.0,,,,
4646,628,4,,,10.0,3.0,0.0,1.0,3.0,10.0
4646,628,5,35.0,3.0,35.0,3.0,,,,
4646,628,6,,,8.0,3.0,0.0,0.0,4.0,5.0
4646,628,7,45.0,2.0,50.0,2.0,,,,
4646,628,8,20.0,2.0,40.0,2.0,1.0,0.0,3.0,9.0
4647,628,1,120.0,3.0,120.0,2.0,,,,
4647,628,2,102.0,1.0,206.0,4.0,2.0,0.0,7.0,13.0
4647,628,3,120000.0,3.0,120000.0,2.0,,,,
4647,628,4,1200.0,1.0,10000.0,3.0,0.0,0.0,8.0,30.0
4647,628,5,21.0,4.0,22.0,4.0,,,,
4647,628,6,,,10.0,4.0,0.0,0.0,3.0,3.0
4647,628,7,200.0,1.0,200.0,1.0,,,,
4647,628,8,50.0,3.0,48.0,4.0,2.0,0.0,3.0,8.0
4648,628,1,203.0,1.0,265.0,2.0,,,,
4648,628,2,206.0,5.0,206.0,5.0,1.0,0.0,5.0,26.0
4648,628,3,400000.0,3.0,400000.0,3.0,,,,
4648,628,4,10700.0,5.0,10700.0,5.0,1.0,0.0,6.0,16.0
4648,628,5,265.0,2.0,208.0,2.0,,,,
4648,628,6,6.0,3.0,7.0,4.0,1.0,0.0,5.0,12.0
4648,628,7,238.0,3.0,238.0,3.0,,,,
4648,628,8,48.0,4.0,48.0,5.0,2.0,0.0,3.0,9.0
4655,628,1,100.0,1.0,100.0,1.0,,,,
4655,628,2,115.0,1.0,206.0,4.0,1.0,0.0,7.0,19.0
4655,628,3,400.0,3.0,400.0,2.0,,,,
4655,628,4,100000.0,1.0,10000.0,4.0,1.0,0.0,5.0,18.0
4655,628,5,25.0,2.0,25.0,2.0,,,,
4655,628,6,10.0,1.0,5.0,2.0,1.0,1.0,5.0,13.0
4655,628,7,220.0,3.0,250.0,2.0,,,,
4655,628,8,120.0,3.0,48.0,4.0,0.0,0.0,1.0,3.0
4645,629,1,157.0,2.0,140.0,4.0,0.0,1.0,9.0,46.0
4645,629,2,587.0,3.0,257.0,3.0,,,,
4645,629,3,276555000.0,3.0,420000000.0,4.0,1.0,0.0,18.0,52.0
4645,629,4,10000.0,4.0,10000.0,4.0,0.0,0.0,7.0,16.0
4645,629,5,20.0,3.0,35.0,4.0,1.0,1.0,10.0,32.0
4645,629,6,80.0,4.0,80.0,4.0,,,,
4645,629,7,3600.0,3.0,3600.0,4.0,,,,
4645,629,8,23.0,2.0,18.0,4.0,,,,
4651,629,1,30.0,2.0,150.0,3.0,6.0,0.0,10.0,30.0
4651,629,2,236.0,3.0,236.0,2.0,,,,
4651,629,3,26.0,2.0,415.0,3.0,2.0,0.0,9.0,32.0
4651,629,4,2500.0,2.0,2500.0,3.0,0.0,0.0,5.0,11.0
4651,629,5,2.0,2.0,50.0,2.0,1.0,0.0,6.0,21.0
4651,629,6,20.0,2.0,20.0,3.0,,,,
4651,629,7,115.0,2.0,115.0,3.0,,,,
4651,629,8,25.0,2.0,27.0,2.0,,,,
4652,629,1,150.0,3.0,150.0,4.0,2.0,1.0,8.0,32.0
4652,629,2,0.0,4.0,0.0,5.0,,,,
4652,629,3,490.0,2.0,450.0,4.0,1.0,0.0,6.0,25.0
4652,629,4,10000.0,4.0,4500.0,4.0,1.0,2.0,9.0,26.0
4652,629,5,35.0,1.0,35.0,4.0,2.0,0.0,8.0,30.0
4652,629,6,20.0,4.0,50.0,4.0,,,,
4652,629,7,10.0,5.0,10.0,5.0,,,,
4652,629,8,3.0,4.0,25.0,2.0,,,,
4656,629,1,100.0,3.0,200.0,3.0,4.0,7.0,11.0,110.0
4656,629,2,160.0,3.0,160.0,3.0,,,,
4656,629,3,300.0,3.0,400.0,3.0,0.0,2.0,11.0,53.0
4656,629,4,4000.0,5.0,4000.0,5.0,2.0,2.0,9.0,46.0
4656,629,5,36.0,4.0,40.0,5.0,5.0,4.0,12.0,77.0
4656,629,6,,,8.0,4.0,,,,
4656,629,7,,,50.0,3.0,,,,
4656,629,8,14.0,4.0,14.0,4.0,,,,
4649,630,1,35.0,1.0,60.0,1.0,,,,
4649,630,2,200.0,1.0,300.0,1.0,,,,
4649,630,3,100.0,1.0,200.0,2.0,0.0,1.0,5.0,24.0
4649,630,4,5000.0,2.0,5000.0,3.0,1.0,5.0,15.0,69.0
4649,630,5,5.0,1.0,7.0,2.0,1.0,1.0,8.0,36.0
4649,630,6,20.0,1.0,30.0,1.0,,,,
4649,630,7,220.0,3.0,230.0,3.0,0.0,1.0,7.0,29.0
4649,630,8,8.0,2.0,10.0,2.0,,,,
4650,630,1,60.0,2.0,,,,,,
4650,630,2,800.0,2.0,,,,,,
4650,630,3,300.0,3.0,,,0.0,8.0,8.0,52.0
4650,630,4,6000.0,2.0,,,0.0,0.0,10.0,52.0
4650,630,5,20.0,2.0,,,2.0,2.0,4.0,35.0
4650,630,6,8.0,3.0,,,,,,
4650,630,7,500.0,2.0,,,2.0,0.0,4.0,15.0
4650,630,8,50.0,3.0,,,,,,
4654,630,1,25.0,3.0,25.0,3.0,,,,
4654,630,2,300.0,2.0,450.0,3.0,,,,
4654,630,3,200.0,3.0,500.0,3.0,0.0,0.0,5.0,32.0
4654,630,4,30000.0,3.0,7000.0,3.0,0.0,4.0,8.0,51.0
4654,630,5,5.0,2.0,8.0,2.0,1.0,0.0,6.0,22.0
4654,630,6,10.0,3.0,10.0,3.0,,,,
4654,630,7,100.0,3.0,250.0,4.0,0.0,0.0,2.0,5.0
4654,630,8,40.0,2.0,50.0,3.0,,,,
4659,630,1,150.0,2.0,75.0,2.0,,,,
4659,630,2,2500.0,1.0,20000.0,2.0,,,,
4659,630,3,350.0,3.0,400.0,4.0,1.0,1.0,5.0,45.0
4659,630,4,50000.0,3.0,15000.0,3.0,0.0,4.0,5.0,26.0
4659,630,5,9.0,2.0,15.0,2.0,1.0,0.0,4.0,10.0
4659,630,6,10.0,3.0,10.0,3.0,,,,
4659,630,7,200.0,4.0,215.0,4.0,0.0,2.0,5.0,18.0
4659,630,8,13.0,4.0,12.0,4.0,,,,
4703,639,1,140.0,1.0,,,,,,
4703,639,2,400.0,2.0,,,,,,
4703,639,3,150000000.0,1.0,,,1.0,5.0,8.0,59.0
4703,639,4,150000.0,2.0,,,,,,
4703,639,5,18.0,1.0,,,1.0,0.0,8.0,71.0
4703,639,6,2.0,2.0,,,,,,
4703,639,7,100.0,2.0,,,1.0,1.0,6.0,32.0
4703,639,8,10.0,3.0,,,1.0,5.0,10.0,48.0
4708,639,1,100.0,3.0,150.0,3.0,,,,
4708,639,2,250.0,3.0,250.0,3.0,,,,
4708,639,3,100.0,2.0,450.0,3.0,1.0,0.0,8.0,30.0
4708,639,4,2500.0,2.0,2500.0,2.0,,,,
4708,639,5,5.0,2.0,10.0,2.0,0.0,0.0,8.0,42.0
4708,639,6,40.0,3.0,40.0,3.0,,,,
4708,639,7,300.0,3.0,200.0,3.0,0.0,3.0,8.0,33.0
4708,639,8,30.0,2.0,45.0,3.0,0.0,1.0,17.0,69.0
4711,639,1,50.0,1.0,20.0,1.0,,,,
4711,639,2,1200.0,2.0,1500.0,3.0,,,,
4711,639,3,200.0,3.0,450000000.0,4.0,0.0,0.0,3.0,7.0
4711,639,4,,,25.0,4.0,,,,
4711,639,5,,,4.0,1.0,0.0,0.0,0.0,0.0
4711,639,6,5.0,4.0,5.0,2.0,,,,
4711,639,7,340.0,1.0,500.0,3.0,0.0,1.0,4.0,5.0
4711,639,8,40.0,4.0,30.0,3.0,0.0,7.0,15.0,64.0
4713,639,1,39.0,3.0,,,,,,
4713,639,2,150.0,4.0,,,,,,
4713,639,3,5000000000.0,3.0,,,1.0,0.0,5.0,12.0
4713,639,4,12000.0,3.0,,,,,,
4713,639,5,5.0,3.0,,,0.0,0.0,4.0,6.0
4713,639,6,5.0,3.0,,,,,,
4713,639,7,7.0,3.0,,,0.0,0.0,8.0,18.0
4713,639,8,10.0,3.0,,,0.0,2.0,7.0,21.0
4722,640,1,,,200.0,3.0,0.0,0.0,4.0,13.0
4722,640,2,950.0,3.0,950.0,3.0,,,,
4722,640,3,,,250.0,4.0,,,,
4722,640,4,7000.0,4.0,7000.0,4.0,,,,
4722,640,5,40.0,4.0,40.0,4.0,3.0,4.0,7.0,51.0
4722,640,6,8.0,4.0,8.0,4.0,1.0,0.0,1.0,3.0
4722,640,7,50.0,3.0,80.0,3.0,0.0,1.0,5.0,25.0
4722,640,8,30.0,4.0,30.0,4.0,,,,
4730,640,1,36.0,2.0,36.0,2.0,1.0,0.0,2.0,3.0
4730,640,2,58.0,2.0,58.0,2.0,,,,
4730,640,3,2.0,2.0,2.0,2.0,,,,
4730,640,4,4.0,2.0,4.0,2.0,,,,
4730,640,5,8.0,3.0,8.0,3.0,1.0,0.0,6.0,31.0
4730,640,6,21.0,3.0,21.0,3.0,1.0,0.0,1.0,4.0
4730,640,7,111.0,2.0,111.0,2.0,1.0,0.0,2.0,10.0
4730,640,8,4.0,2.0,4.0,2.0,,,,
4732,640,1,64.0,1.0,90.0,3.0,0.0,3.0,12.0,81.0
4732,640,2,1000.0,3.0,1000.0,3.0,,,,
4732,640,3,300.0,3.0,300.0,3.0,,,,
4732,640,4,15000.0,3.0,15000.0,2.0,,,,
4732,640,5,10.0,2.0,10.0,1.0,5.0,0.0,16.0,86.0
4732,640,6,3.0,3.0,4.0,2.0,1.0,0.0,6.0,29.0
4732,640,7,80.0,3.0,90.0,3.0,1.0,0.0,13.0,92.0
4732,640,8,35.0,3.0,35.0,3.0,,,,
4733,640,1,62.0,1.0,200.0,3.0,1.0,0.0,4.0,10.0
4733,640,2,160.0,1.0,160.0,2.0,,,,
4733,640,3,250000.0,3.0,250000.0,2.0,,,,
4733,640,4,7000.0,3.0,7000.0,3.0,,,,
4733,640,5,30.0,1.0,40.0,3.0,2.0,0.0,11.0,34.0
4733,640,6,12.0,3.0,6.0,2.0,1.0,1.0,2.0,6.0
4733,640,7,150.0,2.0,150.0,2.0,1.0,0.0,3.0,9.0
4733,640,8,152.0,2.0,152.0,3.0,,,,
4773,643,1,200.0,3.0,100.0,4.0,,,,
4773,643,2,100.0,4.0,175.0,3.0,4.0,0.0,7.0,32.0
4773,643,3,100.0,3.0,10.0,3.0,,,,
4773,643,4,5000.0,4.0,4000.0,3.0,4.0,1.0,2.0,23.0
4773,643,5,10.0,3.0,10.0,4.0,3.0,0.0,6.0,23.0
4773,643,6,10.0,4.0,10.0,4.0,,,,
4773,643,7,300.0,5.0,350.0,5.0,4.0,0.0,4.0,24.0
4773,643,8,15.0,4.0,15.0,4.0,,,,
4778,643,1,15.0,3.0,30000.0,3.0,,,,
4778,643,2,25.0,3.0,230.0,3.0,0.0,0.0,5.0,14.0
4778,643,3,50.0,3.0,50000000.0,3.0,,,,
4778,643,4,40.0,2.0,357.0,3.0,0.0,0.0,2.0,6.0
4778,643,5,3.0,3.0,3.0,3.0,1.0,0.0,3.0,6.0
4778,643,6,67.0,2.0,200000.0,3.0,,,,
4778,643,7,25.0,1.0,300.0,3.0,0.0,0.0,7.0,9.0
4778,643,8,20.0,3.0,32.0,3.0,,,,
4797,643,1,45.0,2.0,45.0,2.0,,,,
4797,643,2,189.0,4.0,75.0,3.0,1.0,0.0,5.0,41.0
4797,643,3,300.0,3.0,300.0,3.0,,,,
4797,643,4,5000.0,3.0,3750.0,3.0,1.0,0.0,2.0,4.0
4797,643,5,20.0,3.0,20.0,3.0,2.0,0.0,5.0,26.0
4797,643,6,3.0,3.0,5.0,4.0,,,,
4797,643,7,58.0,1.0,58.0,1.0,1.0,0.0,8.0,28.0
4797,643,8,40.0,3.0,40.0,2.0,,,,
4800,643,1,235.0,1.0,235.0,1.0,,,,
4800,643,2,900.0,1.0,300.0,1.0,1.0,0.0,8.0,32.0
4800,643,3,68.0,1.0,68.0,1.0,,,,
4800,643,4,2000.0,1.0,5000.0,2.0,1.0,0.0,1.0,4.0
4800,643,5,7.0,1.0,7.0,1.0,2.0,0.0,4.0,15.0
4800,643,6,50.0,1.0,50.0,1.0,,,,
4800,643,7,50.0,1.0,300.0,2.0,1.0,0.0,9.0,37.0
4800,643,8,205.0,1.0,205.0,1.0,,,,
4808,647,1,100.0,3.0,125.0,3.0,1.0,4.0,11.0,68.0
4808,647,2,9.0,1.0,9.0,2.0,,,,
4808,647,3,300.0,3.0,300.0,3.0,,,,
4808,647,4,14.0,1.0,70.0,1.0,,,,
4808,647,5,14.0,2.0,14.0,4.0,0.0,1.0,11.0,56.0
4808,647,6,5.0,3.0,7.0,4.0,2.0,1.0,8.0,47.0
4808,647,7,90.0,3.0,90.0,3.0,,,,
4808,647,8,4.0,3.0,30.0,2.0,2.0,3.0,9.0,50.0
4811,647,1,20.0,1.0,120.0,2.0,0.0,3.0,10.0,53.0
4811,647,2,150.0,2.0,150.0,2.0,,,,
4811,647,3,100.0,3.0,100.0,3.0,,,,
4811,647,4,50000.0,1.0,50000.0,1.0,,,,
4811,647,5,20.0,1.0,14.0,3.0,1.0,0.0,9.0,38.0
4811,647,6,12.0,3.0,8.0,4.0,1.0,4.0,7.0,32.0
4811,647,7,220.0,3.0,220.0,4.0,,,,
4811,647,8,9.0,3.0,25.0,3.0,0.0,1.0,5.0,44.0
4812,647,1,220.0,3.0,220.0,3.0,0.0,0.0,4.0,9.0
4812,647,2,100.0,1.0,100.0,1.0,,,,
4812,647,3,350.0,3.0,350.0,4.0,,,,
4812,647,4,3000.0,2.0,3500.0,2.0,,,,
4812,647,5,0.0,3.0,37.0,3.0,0.0,0.0,4.0,14.0
4812,647,6,4.0,4.0,7.0,4.0,0.0,0.0,5.0,10.0
4812,647,7,330.0,2.0,330.0,4.0,,,,
4812,647,8,15.0,2.0,32.0,3.0,0.0,2.0,6.0,13.0
4815,647,1,20.0,1.0,130.0,2.0,1.0,0.0,3.0,17.0
4815,647,2,202.0,2.0,20.0,2.0,,,,
4815,647,3,370000000.0,2.0,370000000.0,2.0,,,,
4815,647,4,10.0,2.0,10.0,1.0,,,,
4815,647,5,3.0,1.0,6.0,1.0,2.0,0.0,5.0,27.0
4815,647,6,5.0,3.0,6.0,2.0,0.0,0.0,5.0,31.0
4815,647,7,8.0,2.0,8.0,2.0,,,,
4815,647,8,6.0,4.0,40.0,3.0,1.0,1.0,4.0,19.0
4825,648,1,31.0,1.0,31.0,1.0,,,,
4825,648,2,300.0,1.0,300.0,3.0,2.0,0.0,5.0,20.0
4825,648,3,15.0,2.0,20.0,1.0,,,,
4825,648,4,5000.0,1.0,11000.0,3.0,0.0,0.0,4.0,11.0
4825,648,5,2.0,2.0,2.0,2.0,,,,
4825,648,6,7.0,3.0,7.0,4.0,2.0,0.0,3.0,7.0
4825,648,7,10.0,2.0,200.0,3.0,0.0,0.0,2.0,10.0
4825,648,8,12.0,1.0,12.0,1.0,,,,
4829,648,1,44.0,2.0,44.0,2.0,,,,
4829,648,2,150.0,2.0,300.0,4.0,0.0,3.0,16.0,59.0
4829,648,3,100.0,3.0,180.0,3.0,,,,
4829,648,4,110.0,3.0,11000.0,3.0,0.0,0.0,10.0,49.0
4829,648,5,5.0,1.0,3.0,2.0,,,,
4829,648,6,9.0,2.0,6.0,4.0,1.0,2.0,16.0,59.0
4829,648,7,200.0,3.0,200.0,4.0,3.0,2.0,10.0,54.0
4829,648,8,8.0,2.0,8.0,2.0,,,,
4831,648,1,27.0,1.0,27.0,2.0,,,,
4831,648,2,400.0,2.0,300.0,3.0,3.0,0.0,10.0,51.0
4831,648,3,350000.0,3.0,350000000.0,4.0,,,,
4831,648,4,3000.0,2.0,11000.0,4.0,1.0,1.0,9.0,40.0
4831,648,5,8.0,1.0,40.0,3.0,,,,
4831,648,6,3.0,2.0,5.0,4.0,2.0,3.0,8.0,108.0
4831,648,7,160.0,3.0,200.0,4.0,2.0,1.0,5.0,39.0
4831,648,8,17.0,4.0,17.0,4.0,,,,
4833,648,1,700.0,1.0,400.0,2.0,,,,
4833,648,2,1470.0,2.0,300.0,3.0,2.0,0.0,19.0,95.0
4833,648,3,200.0,3.0,250.0,2.0,,,,
4833,648,4,7000.0,1.0,11000.0,3.0,1.0,0.0,10.0,68.0
4833,648,5,10.0,2.0,10.0,2.0,,,,
4833,648,6,5.0,1.0,6.0,3.0,4.0,1.0,7.0,61.0
4833,648,7,380.0,2.0,200.0,3.0,0.0,0.0,8.0,61.0
4833,648,8,120.0,1.0,120.0,2.0,,,,
4822,649,1,39.0,1.0,,,0.0,0.0,4.0,9.0
4822,649,2,20.0,1.0,,,1.0,0.0,4.0,24.0
4822,649,3,20.0,2.0,,,,,,
4822,649,4,10.0,3.0,,,,,,
4822,649,5,5.0,3.0,,,1.0,0.0,1.0,5.0
4822,649,6,20.0,3.0,,,1.0,0.0,2.0,6.0
4822,649,7,150.0,3.0,,,,,,
4822,649,8,10.0,3.0,,,,,,
4827,649,1,75.0,4.0,60.0,3.0,1.0,0.0,7.0,30.0
4827,649,2,150.0,3.0,206.0,4.0,1.0,0.0,6.0,27.0
4827,649,3,2000.0,4.0,2000.0,4.0,,,,
4827,649,4,30000.0,3.0,30000.0,3.0,,,,
4827,649,5,40.0,4.0,35.0,3.0,2.0,0.0,3.0,16.0
4827,649,6,15.0,4.0,20.0,4.0,1.0,0.0,3.0,14.0
4827,649,7,200.0,3.0,200.0,3.0,,,,
4827,649,8,30.0,4.0,30.0,4.0,,,,
4828,649,1,12.0,2.0,,,1.0,0.0,8.0,36.0
4828,649,2,15.0,1.0,,,1.0,0.0,5.0,32.0
4828,649,3,60000000.0,2.0,,,,,,
4828,649,4,20000.0,1.0,,,,,,
4828,649,5,4.0,3.0,,,1.0,0.0,3.0,13.0
4828,649,6,10.0,3.0,,,2.0,0.0,2.0,11.0
4828,649,7,400.0,3.0,,,,,,
4828,649,8,12.0,1.0,,,,,,
4848,649,1,25.0,2.0,,,1.0,0.0,8.0,57.0
4848,649,2,206.0,5.0,,,2.0,0.0,6.0,42.0
4848,649,3,600.0,3.0,,,,,,
4848,649,4,30.0,1.0,,,,,,
4848,649,5,15.0,3.0,,,1.0,0.0,2.0,7.0
4848,649,6,40.0,2.0,,,2.0,0.0,3.0,15.0
4848,649,7,45.0,1.0,,,,,,
4848,649,8,38.0,2.0,,,,,,
4893,655,1,50.0,3.0,80.0,1.0,,,,
4893,655,2,400.0,3.0,350.0,4.0,1.0,0.0,9.0,34.0
4893,655,3,15000000.0,3.0,15000.0,2.0,,,,
4893,655,4,10000.0,1.0,10000.0,4.0,0.0,1.0,12.0,27.0
4893,655,5,5.0,2.0,6.0,3.0,1.0,0.0,9.0,31.0
4893,655,6,25.0,3.0,25.0,3.0,,,,
4893,655,7,100.0,3.0,100.0,2.0,,,,
4893,655,8,6.0,1.0,10.0,3.0,1.0,0.0,13.0,43.0
4895,655,1,60.0,1.0,,,,,,
4895,655,2,200.0,2.0,,,0.0,0.0,6.0,32.0
4895,655,3,380.0,2.0,,,,,,
4895,655,4,7.0,3.0,,,0.0,0.0,4.0,12.0
4895,655,5,12.0,1.0,,,1.0,0.0,4.0,15.0
4895,655,6,3.0,3.0,,,,,,
4895,655,7,260.0,4.0,,,,,,
4895,655,8,13.0,3.0,,,1.0,1.0,6.0,30.0
4896,655,1,,,11.0,2.0,,,,
4896,655,2,,,550.0,3.0,0.0,1.0,14.0,51.0
4896,655,3,370000000.0,4.0,370000000.0,4.0,,,,
4896,655,4,11000.0,1.0,9000.0,4.0,0.0,0.0,11.0,30.0
4896,655,5,3.0,1.0,7.0,3.0,2.0,1.0,6.0,22.0
4896,655,6,5.0,3.0,5.0,3.0,,,,
4896,655,7,230.0,4.0,230.0,4.0,,,,
4896,655,8,13.0,4.0,48.0,4.0,2.0,5.0,16.0,73.0
4897,656,1,15.0,1.0,30.0,3.0,,,,
4897,656,2,500.0,1.0,450.0,1.0,,,,
4897,656,3,400.0,2.0,500.0,3.0,0.0,2.0,6.0,31.0
4897,656,4,18600.0,1.0,25000.0,1.0,,,,
4897,656,5,15.0,1.0,20.0,3.0,3.0,0.0,6.0,23.0
4897,656,6,5.0,2.0,12.0,2.0,,,,
4897,656,7,120.0,3.0,250.0,3.0,1.0,2.0,10.0,55.0
4897,656,8,25.0,3.0,50.0,4.0,3.0,2.0,8.0,48.0
4899,656,1,37.0,2.0,37.0,2.0,,,,
4899,656,2,80.0,1.0,80.0,3.0,,,,
4899,656,3,500.0,3.0,500.0,3.0,3.0,0.0,6.0,21.0
4899,656,4,15.0,2.0,15000.0,2.0,,,,
4899,656,5,20.0,2.0,20.0,3.0,3.0,0.0,3.0,8.0
4899,656,6,100.0,2.0,100.0,2.0,,,,
4899,656,7,200.0,3.0,250.0,3.0,2.0,2.0,9.0,31.0
4899,656,8,13.0,2.0,45.0,3.0,2.0,0.0,8.0,25.0
4901,656,1,6.0,2.0,8.0,3.0,,,,
4901,656,2,300.0,2.0,300.0,3.0,,,,
4901,656,3,350.0,3.0,450.0,4.0,3.0,0.0,7.0,27.0
4901,656,4,5000.0,1.0,12000.0,2.0,,,,
4901,656,5,5.0,4.0,15.0,2.0,1.0,0.0,6.0,35.0
4901,656,6,15.0,3.0,15.0,3.0,,,,
4901,656,7,231.0,3.0,240.0,5.0,0.0,0.0,8.0,46.0
4901,656,8,45.0,3.0,45.0,4.0,1.0,0.0,5.0,22.0
4905,656,1,350.0,2.0,350.0,2.0,,,,
4905,656,2,2000.0,2.0,2000.0,2.0,,,,
4905,656,3,1000000000.0,3.0,400.0,3.0,2.0,0.0,4.0,22.0
4905,656,4,20000.0,2.0,20000.0,2.0,,,,
4905,656,5,30.0,2.0,20.0,3.0,2.0,0.0,3.0,16.0
4905,656,6,20.0,2.0,20.0,2.0,,,,
4905,656,7,200.0,2.0,300.0,3.0,0.0,1.0,7.0,28.0
4905,656,8,27.0,3.0,50.0,3.0,1.0,0.0,3.0,10.0
4909,658,1,8.0,2.0,8.0,1.0,,,,
4909,658,2,90.0,2.0,40.0,3.0,3.0,0.0,11.0,46.0
4909,658,3,150.0,3.0,150.0,3.0,,,,
4909,658,4,80000.0,3.0,9500.0,4.0,2.0,2.0,12.0,119.0
4909,658,5,1.0,4.0,1.0,4.0,,,,
4909,658,6,8.0,3.0,8.0,3.0,,,,
4909,658,7,170.0,3.0,240.0,4.0,2.0,2.0,14.0,79.0
4909,658,8,20.0,3.0,60.0,3.0,3.0,2.0,8.0,52.0
4910,658,1,30.0,1.0,30.0,1.0,,,,
4910,658,2,215.0,3.0,215.0,5.0,3.0,3.0,23.0,113.0
4910,658,3,80.0,2.0,80.0,1.0,,,,
4910,658,4,7500.0,2.0,7500.0,4.0,1.0,8.0,20.0,91.0
4910,658,5,20.0,1.0,20.0,1.0,,,,
4910,658,6,12.0,3.0,12.0,3.0,,,,
4910,658,7,500.0,1.0,240.0,3.0,0.0,1.0,16.0,62.0
4910,658,8,100.0,1.0,70.0,3.0,2.0,3.0,16.0,65.0
4911,658,1,1000.0,1.0,1000.0,1.0,,,,
4911,658,2,350.0,3.0,250.0,3.0,2.0,0.0,5.0,16.0
4911,658,3,400000000.0,3.0,400000000.0,3.0,,,,
4911,658,4,18.0,3.0,12000.0,3.0,1.0,2.0,5.0,36.0
4911,658,5,50.0,1.0,50.0,1.0,,,,
4911,658,6,6.0,4.0,6.0,4.0,,,,
4911,658,7,500.0,2.0,240.0,5.0,0.0,0.0,2.0,21.0
4911,658,8,70.0,3.0,60.0,4.0,1.0,0.0,3.0,14.0
4912,658,1,27.0,1.0,27.0,1.0,,,,
4912,658,2,203.0,3.0,202.0,2.0,1.0,0.0,10.0,46.0
4912,658,3,1200.0,1.0,63.0,1.0,,,,
4912,658,4,35000.0,1.0,8004.0,1.0,0.0,0.0,4.0,30.0
4912,658,5,4.0,2.0,6.0,1.0,,,,
4912,658,6,6.0,1.0,6.0,1.0,,,,
4912,658,7,200.0,1.0,240.0,3.0,0.0,0.0,8.0,29.0
4912,658,8,21.0,2.0,67.0,1.0,0.0,0.0,8.0,59.0
4918,660,1,,,155.0,4.0,0.0,7.0,15.0,58.0
4918,660,2,150.0,2.0,150.0,3.0,3.0,0.0,6.0,14.0
4918,660,3,650.0,3.0,650.0,3.0,,,,
4918,660,4,100.0,3.0,9000.0,4.0,0.0,0.0,7.0,21.0
4918,660,5,,,35.0,5.0,,,,
4918,660,6,15.0,2.0,15.0,2.0,,,,
4918,660,7,240.0,5.0,230.0,5.0,0.0,2.0,5.0,17.0
4918,660,8,,,35.0,4.0,,,,
4919,660,1,65.0,1.0,130.0,4.0,0.0,3.0,8.0,31.0
4919,660,2,250.0,2.0,180.0,4.0,0.0,0.0,2.0,4.0
4919,660,3,300.0,1.0,350.0,3.0,,,,
4919,660,4,170.0,1.0,100000.0,3.0,0.0,2.0,6.0,29.0
4919,660,5,14.0,2.0,40.0,3.0,,,,
4919,660,6,3.0,3.0,5.0,3.0,,,,
4919,660,7,90.0,1.0,220.0,5.0,0.0,0.0,4.0,10.0
4919,660,8,15.0,3.0,15.0,4.0,,,,
4920,660,1,60.0,1.0,128.0,3.0,1.0,0.0,16.0,30.0
4920,660,2,90.0,2.0,150.0,3.0,2.0,0.0,14.0,37.0
4920,660,3,100.0,2.0,100.0,2.0,,,,
4920,660,4,3000.0,2.0,9000.0,4.0,1.0,3.0,9.0,46.0
4920,660,5,13.0,1.0,13.0,2.0,,,,
4920,660,6,6.0,2.0,6.0,2.0,,,,
4920,660,7,110.0,2.0,220.0,4.0,0.0,1.0,8.0,27.0
4920,660,8,39.0,1.0,39.0,1.0,,,,
4921,660,1,100.0,1.0,120.0,1.0,2.0,0.0,10.0,35.0
4921,660,2,300.0,1.0,150.0,1.0,2.0,0.0,8.0,37.0
4921,660,3,250.0,2.0,250.0,2.0,,,,
4921,660,4,5000.0,2.0,6000.0,3.0,1.0,2.0,7.0,45.0
4921,660,5,15.0,1.0,10.0,1.0,,,,
4921,660,6,10.0,2.0,5.0,1.0,,,,
4921,660,7,1000.0,2.0,300.0,2.0,1.0,0.0,4.0,24.0
4921,660,8,35.0,3.0,40.0,3.0,,,,
4929,662,1,126.0,2.0,143.0,3.0,0.0,1.0,3.0,8.0
4929,662,2,196.0,4.0,196.0,4.0,,,,
4929,662,3,170.0,4.0,170.0,4.0,,,,
4929,662,4,15000.0,3.0,15000.0,3.0,,,,
4929,662,5,17.0,2.0,36.0,4.0,0.0,0.0,3.0,6.0
4929,662,6,20.0,4.0,6.0,4.0,0.0,0.0,3.0,22.0
4929,662,7,180.0,4.0,264.0,4.0,1.0,1.0,10.0,41.0
4929,662,8,56.0,2.0,32.0,2.0,,,,
4930,662,1,30.0,2.0,150.0,1.0,0.0,5.0,3.0,38.0
4930,662,2,50.0,2.0,51.0,4.0,,,,
4930,662,3,200.0,3.0,200.0,3.0,,,,
4930,662,4,240.0,4.0,210.0,3.0,,,,
4930,662,5,8.0,2.0,20.0,2.0,0.0,0.0,4.0,11.0
4930,662,6,50.0,3.0,30.0,2.0,0.0,4.0,2.0,47.0
4930,662,7,9.0,3.0,180.0,4.0,3.0,1.0,3.0,33.0
4930,662,8,10.0,2.0,18.0,4.0,,,,
4936,662,1,268.0,3.0,240.0,4.0,0.0,16.0,14.0,64.0
4936,662,2,174.0,1.0,370.0,2.0,,,,
4936,662,3,477.0,3.0,477.0,3.0,,,,
4936,662,4,9000.0,1.0,9000.0,1.0,,,,
4936,662,5,28.0,3.0,36.0,4.0,0.0,3.0,14.0,72.0
4936,662,6,17.0,2.0,6.0,3.0,0.0,4.0,10.0,77.0
4936,662,7,180.0,2.0,234.0,3.0,2.0,3.0,9.0,46.0
4936,662,8,14.0,4.0,14.0,4.0,,,,
4938,662,1,25.0,2.0,160.0,4.0,2.0,2.0,9.0,42.0
4938,662,2,114.0,1.0,555.0,1.0,,,,
4938,662,3,14000000.0,3.0,14000000.0,1.0,,,,
4938,662,4,600.0,1.0,9000.0,1.0,,,,
4938,662,5,38.0,3.0,36.0,2.0,0.0,4.0,12.0,44.0
4938,662,6,1.0,2.0,6.0,1.0,1.0,3.0,8.0,40.0
4938,662,7,300.0,1.0,260.0,3.0,1.0,3.0,7.0,47.0
4938,662,8,8.0,2.0,8.0,1.0,,,,
4932,663,1,100.0,3.0,150.0,4.0,1.0,3.0,10.0,33.0
4932,663,2,360.0,3.0,300.0,3.0,1.0,0.0,7.0,21.0
4932,663,3,400.0,3.0,400.0,3.0,,,,
4932,663,4,11000.0,3.0,11000.0,4.0,4.0,1.0,13.0,62.0
4932,663,5,30.0,3.0,30.0,3.0,,,,
4932,663,6,20.0,3.0,5.0,3.0,1.0,1.0,8.0,33.0
4932,663,7,300.0,3.0,300.0,3.0,,,,
4932,663,8,10.0,5.0,10.0,4.0,,,,
4933,663,1,121.0,3.0,150.0,3.0,1.0,0.0,2.0,5.0
4933,663,2,100.0,1.0,300.0,3.0,1.0,0.0,2.0,5.0
4933,663,3,300000000.0,2.0,300000000.0,3.0,,,,
4933,663,4,358.0,1.0,358.0,1.0,2.0,0.0,2.0,5.0
4933,663,5,20.0,2.0,20.0,2.0,,,,
4933,663,6,65.0,1.0,5.0,5.0,1.0,0.0,3.0,11.0
4933,663,7,220.0,3.0,220.0,3.0,,,,
4933,663,8,5.0,2.0,5.0,2.0,,,,
4937,663,1,224.0,1.0,150.0,3.0,0.0,0.0,8.0,30.0
4937,663,2,128.0,2.0,300.0,3.0,0.0,0.0,6.0,32.0
4937,663,3,1600000.0,2.0,16000.0,3.0,,,,
4937,663,4,145.0,2.0,145.0,3.0,2.0,0.0,6.0,13.0
4937,663,5,8.0,2.0,400.0,3.0,,,,
4937,663,6,8.0,2.0,5.0,3.0,1.0,0.0,6.0,19.0
4937,663,7,128.0,2.0,245.0,3.0,,,,
4937,663,8,7.0,2.0,7.0,2.0,,,,
4939,663,1,50.0,1.0,120.0,3.0,1.0,2.0,8.0,32.0
4939,663,2,500.0,2.0,400.0,2.0,1.0,0.0,4.0,13.0
4939,663,3,400.0,2.0,400000.0,3.0,,,,
4939,663,4,500.0,1.0,12000.0,2.0,0.0,1.0,11.0,42.0
4939,663,5,60.0,2.0,60.0,2.0,,,,
4939,663,6,3.0,2.0,4.0,3.0,1.0,3.0,9.0,37.0
4939,663,7,120.0,1.0,120.0,3.0,,,,
4939,663,8,45.0,3.0,45.0,3.0,,,,
4953,664,1,60.0,3.0,60.0,3.0,,,,
4953,664,2,90.0,4.0,200.0,4.0,1.0,0.0,12.0,43.0
4953,664,3,200.0,3.0,210.0,4.0,,,,
4953,664,4,9000.0,2.0,15000.0,3.0,2.0,0.0,20.0,85.0
4953,664,5,30.0,3.0,30.0,3.0,,,,
4953,664,6,20.0,3.0,12.0,4.0,6.0,0.0,25.0,84.0
4953,664,7,20.0,2.0,240.0,4.0,0.0,1.0,15.0,32.0
4953,664,8,10.0,3.0,11.0,4.0,,,,
4954,664,1,96.0,3.0,53.0,3.0,,,,
4954,664,2,92.0,2.0,206.0,3.0,1.0,0.0,4.0,12.0
4954,664,3,390000000.0,2.0,390000000.0,3.0,,,,
4954,664,4,16000.0,3.0,15000.0,3.0,0.0,1.0,7.0,22.0
4954,664,5,2.0,3.0,2.0,3.0,,,,
4954,664,6,8.0,3.0,10.0,3.0,5.0,0.0,10.0,30.0
4954,664,7,226.0,3.0,240.0,3.0,2.0,0.0,7.0,25.0
4954,664,8,18.0,3.0,28.0,3.0,,,,
4957,664,1,100.0,2.0,150.0,2.0,,,,
4957,664,2,200.0,4.0,200.0,3.0,2.0,0.0,4.0,23.0
4957,664,3,400000000.0,3.0,400000000.0,2.0,,,,
4957,664,4,15000.0,3.0,10.0,3.0,2.0,1.0,7.0,28.0
4957,664,5,20.0,1.0,20.0,1.0,,,,
4957,664,6,10.0,1.0,8.0,2.0,3.0,0.0,5.0,25.0
4957,664,7,100.0,2.0,240.0,3.0,1.0,1.0,7.0,24.0
4957,664,8,3.0,3.0,3.0,2.0,,,,
4965,664,1,130.0,2.0,130.0,3.0,,,,
4965,664,2,200.0,2.0,200.0,3.0,2.0,1.0,7.0,32.0
4965,664,3,300.0,2.0,300.0,2.0,,,,
4965,664,4,100000.0,1.0,30000.0,2.0,2.0,1.0,12.0,73.0
4965,664,5,20.0,2.0,20.0,2.0,,,,
4965,664,6,12.0,3.0,12.0,4.0,5.0,5.0,14.0,88.0
4965,664,7,210.0,4.0,243.0,4.0,0.0,3.0,11.0,52.0
4965,664,8,75.0,3.0,75.0,3.0,,,,
4958,665,1,80.0,3.0,93.0,3.0,2.0,6.0,23.0,100.0
4958,665,2,1000.0,2.0,200.0,3.0,1.0,2.0,10.0,32.0
4958,665,3,300.0,3.0,300.0,3.0,,,,
4958,665,4,3000.0,2.0,9000.0,3.0,1.0,11.0,19.0,84.0
4958,665,5,40.0,3.0,30.0,4.0,1.0,2.0,18.0,59.0
4958,665,6,15.0,4.0,15.0,3.0,,,,
4958,665,7,150.0,3.0,150.0,3.0,,,,
4958,665,8,60.0,2.0,60.0,2.0,,,,
4960,665,1,96.0,2.0,93.0,2.0,1.0,0.0,13.0,53.0
4960,665,2,300.0,2.0,300.0,2.0,1.0,0.0,12.0,51.0
4960,665,3,,,2000.0,3.0,,,,
4960,665,4,15000.0,1.0,9000.0,4.0,0.0,0.0,10.0,35.0
4960,665,5,29.0,3.0,35.0,5.0,1.0,7.0,12.0,53.0
4960,665,6,54.0,3.0,20.0,3.0,,,,
4960,665,7,210.0,3.0,210.0,3.0,,,,
4960,665,8,50.0,3.0,50.0,3.0,,,,
4963,665,1,70.0,1.0,70.0,2.0,0.0,0.0,8.0,33.0
4963,665,2,77.0,2.0,200.0,3.0,2.0,0.0,7.0,20.0
4963,665,3,1000000000.0,1.0,1000000000.0,2.0,,,,
4963,665,4,10000.0,1.0,9000.0,3.0,1.0,2.0,12.0,59.0
4963,665,5,15.0,1.0,40.0,2.0,1.0,0.0,10.0,33.0
4963,665,6,40.0,2.0,60.0,2.0,,,,
4963,665,7,350.0,1.0,700.0,2.0,,,,
4963,665,8,3.0,1.0,5.0,2.0,,,,
4971,667,1,45.0,1.0,600.0,3.0,0.0,2.0,9.0,37.0
4971,667,2,267.0,2.0,267.0,3.0,,,,
4971,667,3,450000000.0,1.0,450000000.0,2.0,,,,
4971,667,4,600000.0,2.0,8000.0,4.0,0.0,3.0,9.0,28.0
4971,667,5,3.0,2.0,3.0,5.0,1.0,0.0,3.0,11.0
4971,667,6,11.0,3.0,4.0,3.0,1.0,0.0,9.0,53.0
4971,667,7,250.0,3.0,250.0,3.0,,,,
4971,667,8,54.0,2.0,56.0,3.0,,,,
4973,667,1,,,560.0,2.0,0.0,2.0,5.0,26.0
4973,667,2,86.0,2.0,86.0,3.0,,,,
4973,667,3,,,150.0,2.0,,,,
4973,667,4,,,6.0,2.0,0.0,0.0,4.0,11.0
4973,667,5,,,3.0,2.0,1.0,1.0,6.0,26.0
4973,667,6,8.0,3.0,8.0,3.0,0.0,0.0,9.0,22.0
4973,667,7,365.0,3.0,365.0,3.0,,,,
4973,667,8,10.0,2.0,10.0,3.0,,,,
4974,667,1,150.0,2.0,400.0,3.0,0.0,0.0,4.0,15.0
4974,667,2,250.0,4.0,250.0,4.0,,,,
4974,667,3,300000.0,2.0,300000.0,3.0,,,,
4974,667,4,10000.0,2.0,10000.0,3.0,0.0,0.0,3.0,7.0
4974,667,5,10.0,1.0,4.0,3.0,0.0,0.0,4.0,18.0
4974,667,6,48.0,3.0,4.0,4.0,0.0,6.0,10.0,51.0
4974,667,7,200.0,4.0,200.0,4.0,,,,
4974,667,8,40.0,3.0,40.0,4.0,,,,
4976,667,1,25.0,1.0,300.0,3.0,0.0,2.0,5.0,22.0
4976,667,2,80.0,2.0,80.0,3.0,,,,
4976,667,3,35.0,3.0,50000.0,3.0,,,,
4976,667,4,30000.0,1.0,8000.0,4.0,0.0,0.0,7.0,20.0
4976,667,5,3.0,2.0,3.0,4.0,0.0,1.0,5.0,31.0
4976,667,6,2.0,3.0,3.0,3.0,0.0,0.0,9.0,35.0
4976,667,7,150.0,2.0,150.0,3.0,,,,
4976,667,8,45.0,3.0,45.0,3.0,,,,
4970,668,1,100.0,3.0,100.0,3.0,,,,
4970,668,2,200.0,3.0,200.0,3.0,3.0,2.0,7.0,55.0
4970,668,3,400.0,3.0,400000.0,4.0,,,,
4970,668,4,9000.0,4.0,15000.0,3.0,0.0,3.0,3.0,29.0
4970,668,5,60.0,3.0,30.0,4.0,0.0,0.0,2.0,15.0
4970,668,6,4.0,3.0,4.0,4.0,,,,
4970,668,7,200.0,4.0,230.0,4.0,3.0,2.0,4.0,27.0
4970,668,8,40.0,3.0,40.0,3.0,,,,
4978,668,1,80.0,1.0,80.0,1.0,,,,
4978,668,2,200.0,4.0,200.0,5.0,1.0,0.0,2.0,32.0
4978,668,3,120.0,3.0,120.0,3.0,,,,
4978,668,4,15000.0,1.0,10000.0,4.0,1.0,0.0,4.0,21.0
4978,668,5,10.0,2.0,30.0,5.0,1.0,0.0,3.0,24.0
4978,668,6,,,10.0,3.0,,,,
4978,668,7,110.0,4.0,230.0,5.0,2.0,0.0,3.0,30.0
4978,668,8,30.0,4.0,30.0,3.0,,,,
4980,668,1,80.0,2.0,80.0,2.0,,,,
4980,668,2,120.0,3.0,200.0,3.0,2.0,0.0,11.0,67.0
4980,668,3,250000000.0,3.0,300000000.0,3.0,,,,
4980,668,4,5000.0,1.0,9000.0,3.0,1.0,1.0,7.0,34.0
4980,668,5,35.0,3.0,30.0,3.0,2.0,0.0,4.0,16.0
4980,668,6,15.0,3.0,15.0,3.0,,,,
4980,668,7,250.0,1.0,230.0,3.0,4.0,0.0,7.0,47.0
4980,668,8,60.0,1.0,60.0,1.0,,,,
4982,668,1,250.0,3.0,250.0,3.0,,,,
4982,668,2,140.0,3.0,220.0,4.0,1.0,0.0,3.0,20.0
4982,668,3,1800.0,3.0,18000.0,4.0,,,,
4982,668,4,75000.0,3.0,90000.0,4.0,0.0,2.0,3.0,27.0
4982,668,5,15.0,3.0,30.0,3.0,0.0,0.0,2.0,13.0
4982,668,6,2.0,2.0,2.0,2.0,,,,
4982,668,7,80.0,3.0,300.0,4.0,0.0,0.0,3.0,8.0
4982,668,8,60.0,3.0,80.0,4.0,,,,
4989,669,1,150.0,3.0,,,,,,
4989,669,2,300.0,3.0,,,,,,
4989,669,3,420.0,4.0,,,0.0,0.0,1.0,8.0
4989,669,4,35000.0,2.0,,,,,,
4989,669,5,5.0,3.0,,,1.0,0.0,6.0,33.0
4989,669,6,10.0,3.0,,,2.0,2.0,4.0,33.0
4989,669,7,200.0,3.0,,,0.0,0.0,0.0,0.0
4989,669,8,9.0,3.0,,,,,,
4991,669,1,300.0,1.0,400.0,1.0,,,,
4991,669,2,70.0,1.0,70.0,1.0,,,,
4991,669,3,1000.0,1.0,500.0,2.0,1.0,0.0,4.0,42.0
4991,669,4,3000.0,1.0,3000.0,1.0,,,,
4991,669,5,20.0,1.0,40.0,3.0,2.0,1.0,6.0,45.0
4991,669,6,12.0,2.0,12.0,2.0,1.0,1.0,5.0,18.0
4991,669,7,200.0,1.0,350.0,2.0,2.0,0.0,5.0,44.0
4991,669,8,15.0,1.0,15.0,1.0,,,,
4998,669,1,30.0,2.0,30.0,1.0,,,,
4998,669,2,100.0,2.0,100.0,2.0,,,,
4998,669,3,300.0,2.0,350.0,3.0,3.0,0.0,4.0,33.0
4998,669,4,5000.0,1.0,5000.0,1.0,,,,
4998,669,5,20.0,1.0,30.0,2.0,1.0,1.0,5.0,31.0
4998,669,6,12.0,2.0,11.0,3.0,1.0,0.0,2.0,23.0
4998,669,7,70.0,2.0,250.0,2.0,0.0,1.0,4.0,32.0
4998,669,8,25.0,2.0,25.0,2.0,,,,
4999,669,1,140.0,2.0,140.0,2.0,,,,
4999,669,2,243.0,1.0,243.0,1.0,,,,
4999,669,3,350.0,2.0,350.0,3.0,4.0,4.0,10.0,70.0
4999,669,4,10.0,1.0,10.0,1.0,,,,
4999,669,5,48.0,1.0,38.0,3.0,0.0,0.0,9.0,53.0
4999,669,6,6.0,1.0,9.0,3.0,2.0,0.0,6.0,28.0
4999,669,7,250.0,1.0,350.0,2.0,0.0,6.0,10.0,44.0
4999,669,8,60.0,1.0,60.0,1.0,,,,
4987,670,1,40.0,2.0,40.0,2.0,,,,
4987,670,2,150.0,2.0,200.0,2.0,1.0,0.0,3.0,9.0
4987,670,3,500.0,2.0,500.0,2.0,,,,
4987,670,4,15000.0,3.0,15000.0,3.0,,,,
4987,670,5,4.0,1.0,10.0,1.0,1.0,0.0,7.0,20.0
4987,670,6,5.0,2.0,5.0,2.0,,,,
4987,670,7,200.0,3.0,200.0,3.0,1.0,1.0,2.0,14.0
4987,670,8,20.0,2.0,80.0,2.0,0.0,0.0,3.0,9.0
4994,670,1,70.0,1.0,70.0,2.0,,,,
4994,670,2,250.0,1.0,150.0,3.0,1.0,0.0,4.0,11.0
4994,670,3,250.0,3.0,90.0,3.0,,,,
4994,670,4,1000.0,3.0,2000.0,3.0,,,,
4994,670,5,9.0,2.0,9.0,3.0,2.0,0.0,7.0,15.0
4994,670,6,5.0,3.0,5.0,3.0,,,,
4994,670,7,56.0,2.0,200.0,4.0,2.0,2.0,7.0,24.0
4994,670,8,7.0,2.0,130.0,3.0,1.0,2.0,5.0,27.0
4996,670,1,80.0,3.0,80.0,3.0,,,,
4996,670,2,208.0,3.0,208.0,3.0,1.0,0.0,7.0,29.0
4996,670,3,300.0,3.0,400.0,3.0,,,,
4996,670,4,4500.0,3.0,4500.0,3.0,,,,
4996,670,5,12.0,3.0,10.0,3.0,3.0,4.0,11.0,63.0
4996,670,6,48.0,4.0,48.0,4.0,,,,
4996,670,7,300.0,3.0,250.0,3.0,2.0,1.0,7.0,20.0
4996,670,8,180.0,3.0,180.0,3.0,1.0,6.0,10.0,70.0
5002,670,1,25.0,2.0,25.0,2.0,,,,
5002,670,2,150.0,1.0,180.0,3.0,1.0,0.0,4.0,8.0
5002,670,3,500.0,3.0,500.0,2.0,,,,
5002,670,4,10000.0,3.0,10000.0,3.0,,,,
5002,670,5,5.0,1.0,8.0,3.0,1.0,0.0,7.0,17.0
5002,670,6,10.0,2.0,10.0,2.0,,,,
5002,670,7,200.0,2.0,200.0,4.0,1.0,0.0,5.0,22.0
5002,670,8,80.0,2.0,200.0,3.0,1.0,1.0,9.0,45.0
5013,671,1,,,10.0,1.0,,,,
5013,671,2,80.0,3.0,70.0,3.0,,,,
5013,671,3,1000.0,1.0,400.0,3.0,0.0,1.0,7.0,23.0
5013,671,4,8000.0,3.0,8000.0,3.0,,,,
5013,671,5,40.0,1.0,40.0,1.0,,,,
5013,671,6,100.0,3.0,8.0,4.0,1.0,3.0,8.0,67.0
5013,671,7,,,1000.0,3.0,1.0,6.0,11.0,74.0
5013,671,8,32.0,2.0,50.0,4.0,0.0,0.0,2.0,13.0
5018,671,1,150.0,3.0,150.0,3.0,,,,
5018,671,2,200.0,4.0,200.0,4.0,,,,
5018,671,3,383.0,4.0,275.0,4.0,1.0,1.0,8.0,47.0
5018,671,4,10000.0,4.0,10000.0,4.0,,,,
5018,671,5,30.0,4.0,30.0,4.0,,,,
5018,671,6,5.0,3.0,8.0,3.0,0.0,3.0,5.0,61.0
5018,671,7,250.0,4.0,250.0,4.0,2.0,6.0,8.0,53.0
5018,671,8,60.0,3.0,55.0,4.0,1.0,4.0,4.0,52.0
5023,671,1,120.0,1.0,120.0,1.0,,,,
5023,671,2,1000.0,3.0,2500.0,3.0,,,,
5023,671,3,300.0,3.0,250.0,3.0,1.0,3.0,10.0,30.0
5023,671,4,7500.0,4.0,7500.0,4.0,,,,
5023,671,5,8.0,1.0,8.0,1.0,,,,
5023,671,6,8.0,4.0,8.0,4.0,2.0,2.0,8.0,46.0
5023,671,7,700.0,3.0,300.0,3.0,2.0,2.0,10.0,39.0
5023,671,8,50.0,2.0,55.0,4.0,3.0,3.0,5.0,28.0
5026,671,1,27.0,1.0,50.0,2.0,,,,
5026,671,2,60.0,3.0,270.0,3.0,,,,
5026,671,3,15.0,2.0,300.0,4.0,0.0,0.0,2.0,5.0
5026,671,4,15000.0,1.0,15000.0,1.0,,,,
5026,671,5,4.0,1.0,5.0,3.0,,,,
5026,671,6,5.0,3.0,6.0,3.0,1.0,3.0,7.0,44.0
5026,671,7,200.0,1.0,240.0,4.0,3.0,0.0,9.0,41.0
5026,671,8,3.0,3.0,40.0,3.0,0.0,0.0,3.0,11.0
5006,672,1,80.0,1.0,125.0,2.0,2.0,0.0,6.0,30.0
5006,672,2,500.0,1.0,130.0,3.0,4.0,2.0,7.0,35.0
5006,672,3,500.0,2.0,500.0,3.0,,,,
5006,672,4,8000.0,2.0,8000.0,2.0,,,,
5006,672,5,10.0,1.0,10.0,2.0,,,,
5006,672,6,6.0,3.0,6.0,3.0,,,,
5006,672,7,200.0,2.0,150.0,2.0,2.0,1.0,7.0,28.0
5006,672,8,45.0,2.0,47.0,2.0,1.0,1.0,6.0,19.0
5011,672,1,100.0,2.0,,,1.0,5.0,6.0,35.0
5011,672,2,113.0,2.0,,,1.0,0.0,6.0,33.0
5011,672,3,200000000.0,2.0,,,,,,
5011,672,4,7000.0,1.0,,,,,,
5011,672,5,27.0,2.0,,,,,,
5011,672,6,3.0,2.0,,,,,,
5011,672,7,100.0,3.0,,,1.0,1.0,6.0,16.0
5011,672,8,23.0,2.0,,,1.0,0.0,6.0,22.0
5012,672,1,250.0,2.0,150.0,3.0,1.0,2.0,5.0,21.0
5012,672,2,130.0,2.0,130.0,3.0,3.0,0.0,4.0,14.0
5012,672,3,85.0,2.0,85.0,2.0,,,,
5012,672,4,2500.0,2.0,2500.0,2.0,,,,
5012,672,5,11.0,3.0,11.0,3.0,,,,
5012,672,6,7.0,3.0,5.0,2.0,,,,
5012,672,7,150.0,3.0,200.0,3.0,1.0,0.0,5.0,16.0
5012,672,8,26.0,2.0,45.0,3.0,2.0,1.0,6.0,29.0
5020,672,1,89.0,1.0,113.0,2.0,1.0,2.0,8.0,36.0
5020,672,2,114.0,1.0,130.0,2.0,2.0,0.0,8.0,26.0
5020,672,3,500.0,1.0,500.0,2.0,,,,
5020,672,4,11000.0,1.0,3000.0,1.0,,,,
5020,672,5,17.0,1.0,17.0,1.0,,,,
5020,672,6,9.0,2.0,8.0,3.0,,,,
5020,672,7,9.0,1.0,150.0,2.0,0.0,0.0,1.0,1.0
5020,672,8,43.0,1.0,57.0,2.0,0.0,1.0,7.0,42.0
5003,673,1,40.0,3.0,30.0,3.0,,,,
5003,673,2,250.0,3.0,200.0,3.0,0.0,0.0,4.0,39.0
5003,673,3,500.0,2.0,500.0,3.0,2.0,0.0,10.0,43.0
5003,673,4,10000.0,3.0,90000.0,3.0,0.0,0.0,5.0,20.0
5003,673,5,5.0,3.0,40.0,3.0,,,,
5003,673,6,10.0,4.0,40.0,3.0,,,,
5003,673,7,300.0,3.0,300.0,3.0,3.0,2.0,9.0,33.0
5003,673,8,50.0,2.0,50000.0,3.0,,,,
5010,673,1,124.0,1.0,124.0,1.0,,,,
5010,673,2,106.0,2.0,450.0,3.0,0.0,7.0,17.0,87.0
5010,673,3,340.0,2.0,340.0,1.0,4.0,3.0,18.0,80.0
5010,673,4,202.0,1.0,90000.0,3.0,1.0,6.0,17.0,47.0
5010,673,5,3.0,1.0,3.0,1.0,,,,
5010,673,6,4.0,2.0,5.0,3.0,,,,
5010,673,7,38.0,3.0,360.0,2.0,1.0,4.0,20.0,86.0
5010,673,8,14.0,3.0,14.0,2.0,,,,
5016,673,1,48.0,2.0,48.0,2.0,,,,
5016,673,2,155.0,2.0,360.0,2.0,1.0,0.0,11.0,43.0
5016,673,3,650.0,2.0,650.0,2.0,3.0,0.0,6.0,25.0
5016,673,4,15000.0,2.0,9000.0,2.0,1.0,3.0,10.0,33.0
5016,673,5,2.0,2.0,8.0,1.0,,,,
5016,673,6,60.0,2.0,60.0,2.0,,,,
5016,673,7,250.0,1.0,350.0,2.0,1.0,3.0,15.0,68.0
5016,673,8,5.0,2.0,5.0,2.0,,,,
5027,673,1,2.0,3.0,2.0,3.0,,,,
5027,673,2,8.0,2.0,300.0,3.0,1.0,0.0,8.0,44.0
5027,673,3,900000000.0,4.0,550.0,3.0,1.0,0.0,10.0,40.0
5027,673,4,15.0,3.0,9000.0,3.0,1.0,1.0,20.0,48.0
5027,673,5,5.0,1.0,5.0,1.0,,,,
5027,673,6,40.0,4.0,70.0,3.0,,,,
5027,673,7,60.0,3.0,360.0,3.0,1.0,3.0,16.0,70.0
5027,673,8,6.0,3.0,6.0,2.0,,,,
5030,674,1,150.0,3.0,150.0,1.0,,,,
5030,674,2,2000.0,3.0,2000.0,3.0,,,,
5030,674,3,300.0,1.0,350.0,3.0,2.0,5.0,13.0,54.0
5030,674,4,10000.0,2.0,9500.0,5.0,0.0,4.0,13.0,60.0
5030,674,5,12.0,2.0,12.0,1.0,,,,
5030,674,6,15.0,3.0,15.0,4.0,1.0,2.0,10.0,60.0
5030,674,7,200.0,4.0,220.0,4.0,,,,
5030,674,8,100.0,1.0,200.0,3.0,3.0,3.0,15.0,86.0
5032,674,1,14.0,3.0,270.0,3.0,,,,
5032,674,2,105.0,3.0,105.0,4.0,,,,
5032,674,3,500.0,3.0,450.0,4.0,1.0,0.0,6.0,25.0
5032,674,4,1000.0,3.0,15000.0,3.0,0.0,0.0,6.0,22.0
5032,674,5,1.0,3.0,1.0,4.0,,,,
5032,674,6,4.0,4.0,7.0,3.0,1.0,0.0,11.0,56.0
5032,674,7,280.0,4.0,280.0,4.0,,,,
5032,674,8,15.0,3.0,150.0,3.0,1.0,4.0,9.0,51.0
5037,674,1,54.0,3.0,65.0,3.0,,,,
5037,674,2,120.0,2.0,120.0,2.0,,,,
5037,674,3,550.0,3.0,380.0,3.0,2.0,2.0,15.0,79.0
5037,674,4,2500.0,1.0,9000.0,3.0,1.0,1.0,9.0,63.0
5037,674,5,10.0,3.0,10.0,3.0,,,,
5037,674,6,3.0,3.0,5.0,3.0,2.0,0.0,13.0,55.0
5037,674,7,220.0,4.0,220.0,4.0,,,,
5037,674,8,135.0,3.0,155.0,3.0,2.0,8.0,9.0,122.0
5039,674,1,32.0,2.0,220.0,2.0,,,,
5039,674,2,100.0,2.0,100.0,2.0,,,,
5039,674,3,,,450.0,2.0,0.0,0.0,4.0,15.0
5039,674,4,20000.0,2.0,10000.0,2.0,1.0,1.0,5.0,14.0
5039,674,5,1.0,2.0,1.0,2.0,,,,
5039,674,6,6.0,2.0,6.0,2.0,1.0,0.0,8.0,11.0
5039,674,7,400.0,1.0,1200.0,2.0,,,,
5039,674,8,2.0,2.0,45.0,3.0,0.0,0.0,4.0,17.0
5042,675,1,142.0,2.0,127.0,4.0,3.0,1.0,10.0,40.0
5042,675,2,90.0,1.0,200.0,3.0,2.0,3.0,15.0,77.0
5042,675,3,2000.0,2.0,1800.0,4.0,,,,
5042,675,4,9000.0,2.0,10000.0,3.0,,,,
5042,675,5,38.0,3.0,42.0,5.0,,,,
5042,675,6,4.0,4.0,5.0,4.0,,,,
5042,675,7,253.0,1.0,240.0,3.0,2.0,0.0,4.0,23.0
5042,675,8,47.0,3.0,40.0,4.0,2.0,3.0,7.0,59.0
5043,675,1,100.0,2.0,,,1.0,0.0,2.0,8.0
5043,675,2,100.0,2.0,,,1.0,0.0,1.0,3.0
5043,675,3,300.0,2.0,,,,,,
5043,675,4,4000.0,2.0,,,,,,
5043,675,5,12.0,2.0,,,,,,
5043,675,6,5.0,2.0,,,,,,
5043,675,7,200.0,3.0,,,2.0,0.0,3.0,11.0
5043,675,8,50.0,2.0,,,1.0,0.0,3.0,13.0
5044,675,1,74.0,1.0,130.0,4.0,2.0,0.0,9.0,28.0
5044,675,2,505.0,2.0,505.0,3.0,2.0,2.0,12.0,66.0
5044,675,3,90000000.0,2.0,100.0,2.0,,,,
5044,675,4,35000.0,2.0,35000.0,3.0,,,,
5044,675,5,7.0,1.0,21.0,2.0,,,,
5044,675,6,6.0,3.0,8.0,4.0,,,,
5044,675,7,300.0,3.0,285.0,3.0,2.0,1.0,11.0,56.0
5044,675,8,21.0,2.0,50.0,3.0,2.0,1.0,6.0,28.0
5047,675,1,11.0,1.0,180.0,3.0,0.0,3.0,9.0,31.0
5047,675,2,800.0,1.0,300.0,3.0,1.0,0.0,9.0,38.0
5047,675,3,700.0,2.0,600.0,4.0,,,,
5047,675,4,14000.0,1.0,3500.0,2.0,,,,
5047,675,5,1.0,1.0,30.0,2.0,,,,
5047,675,6,5.0,2.0,5.0,2.0,,,,
5047,675,7,700.0,2.0,300.0,3.0,1.0,1.0,6.0,13.0
5047,675,8,20.0,2.0,50.0,4.0,0.0,0.0,2.0,5.0
